CCGAATG	CTAACGT	kac2018021701
CCGAATG	TCGGTACT	kac2018021704
CCGAATG	CACATGTCT	kac201803102
CCGAATG	CATGACCTT	kac201808181
CCGAATG	TGCAGTGAGT	kac201808182
TTAGGCAG	CTAACGT	kac201808183
TTAGGCAG	TCGGTACT	kac201808184
TTAGGCAG	AGCTACACTT	kac201908252
TTAGGCAG	ACGCATT	msb75646
TTAGGCAG	GTATGCAT	msb92689
TTAGGCAG	CACATGTCT	msb92691
TTAGGCAG	TGTGCACGAT	msb92692
TTAGGCAG	GCATCAT	msb96528
TTAGGCAG	ATGCTGTT	msb98058
TTAGGCAG	CATGACCTT	msb98065
TTAGGCAG	TGCAGTGAGT	msb100793
AACTCGTCG	CTAACGT	msb100800
AACTCGTCG	TCGGTACT	msb100913
AACTCGTCG	GATCGTTGT	msb104548
AACTCGTCG	AGCTACACTT	msb104570
AACTCGTCG	ACGCATT	msb104571
AACTCGTCG	GTATGCAT	msb104608
AACTCGTCG	CACATGTCT	msb104644
AACTCGTCG	TGTGCACGAT	msb104677
AACTCGTCG	GCATCAT	msb104681
AACTCGTCG	ATGCTGTT	msb104731
AACTCGTCG	CATGACCTT	utep18705
AACTCGTCG	TGCAGTGAGT	utep19941
GGTCTACGTG	CTAACGT	utep19943
GGTCTACGTG	TCGGTACT	utep19947
GGTCTACGTG	GATCGTTGT	utep20105
GGTCTACGTG	AGCTACACTT	utep20482
GGTCTACGTG	ACGCATT	utep20921
GGTCTACGTG	GTATGCAT	utep21284
GGTCTACGTG	CACATGTCT	utep21286
GGTCTACGTG	TGTGCACGAT	utep21724
GGTCTACGTG	GCATCAT	utep21881
GGTCTACGTG	ATGCTGTT	utep21884
GGTCTACGTG	CATGACCTT	utep21885
GGTCTACGTG	TGCAGTGAGT	utep21886
GATACCG	GATCGTTGT	aht2544
GATACCG	AGCTACACTT	aht2564
GATACCG	GTATGCAT	aht3413
GATACCG	GCATCAT	aht3428
GATACCG	ATGCTGTT	aht3459
GATACCG	CATGACCTT	aht3460
GATACCG	TGCAGTGAGT	aht3461
AGCGTTGG	CTAACGT	aht3462
AGCGTTGG	TCGGTACT	aht3463
AGCGTTGG	GATCGTTGT	aht3658
AGCGTTGG	AGCTACACTT	aht3665
AGCGTTGG	ACGCATT	aht3813
AGCGTTGG	GTATGCAT	aht3833
AGCGTTGG	GCATCAT	aht4373
AGCGTTGG	ATGCTGTT	aht5276
AGCGTTGG	CATGACCTT	aht5277
AGCGTTGG	TGCAGTGAGT	aht5278
CTGCAACTG	CTAACGT	hera10025
CTGCAACTG	TCGGTACT	hera10233
CTGCAACTG	GATCGTTGT	hera10239
CTGCAACTG	AGCTACACTT	hera10248
CTGCAACTG	ACGCATT	hera10255
CTGCAACTG	GTATGCAT	hera10350
CTGCAACTG	CACATGTCT	hera10372
CTGCAACTG	TGTGCACGAT	hera10396
CTGCAACTG	GCATCAT	hera10484
CTGCAACTG	ATGCTGTT	hera10493
CTGCAACTG	CATGACCTT	hera11976
CTGCAACTG	TGCAGTGAGT	hera13722
TCATGGTCAG	CTAACGT	hera14196
TCATGGTCAG	TCGGTACT	hera14926
TCATGGTCAG	GATCGTTGT	hera15787
TCATGGTCAG	AGCTACACTT	hera20415
TCATGGTCAG	ACGCATT	hera20514
TCATGGTCAG	GTATGCAT	inhs16273
TCATGGTCAG	CACATGTCT	inhs17016
TCATGGTCAG	TGTGCACGAT	inhs19127
TCATGGTCAG	GCATCAT	inhs21799
TCATGGTCAG	ATGCTGTT	kac062
TCATGGTCAG	CATGACCTT	kac063
TCATGGTCAG	TGCAGTGAGT	kac064
