plate_id,plate_index,row,column,id,sample_id,species,rename,sex,latitude,longitude,year,month,read1_enzyme,read1_barcode_id,read1_barcode_sequence,read2_enzyme,read2_barcode_id,read2_barcode_sequence
plate1,1,A,1,KAC 016,kac016,terrestris,kac016_terrestris,?,30.548191,-86.930668,2018,5,nhei,NheI_A,CCGAATG,ecori,EcoRI_1,CTAACGT
plate1,2,A,2,KAC 038,kac038,terrestris,kac38_terrestris,f,32.814696,-86.939677,2018,5,nhei,NheI_A,CCGAATG,ecori,EcoRI_2,TCGGTACT
plate1,3,A,3,KAC 039,kac039,terrestris,kac39_terrestris,m,32.810938,-86.989673,2018,5,nhei,NheI_A,CCGAATG,ecori,EcoRI_3,GATCGTTGT
plate1,4,A,4,KAC 040,kac040,terrestris,kac40_terrestris,f,32.809854,-86.997946,2018,5,nhei,NheI_A,CCGAATG,ecori,EcoRI_4,AGCTACACTT
plate1,5,A,5,KAC t2015,t2015,americanus,t2015_americanus,m,33.584347,-85.740643,2018,?,nhei,NheI_A,CCGAATG,ecori,EcoRI_5,ACGCATT
plate1,6,A,6,KAC 042,kac042,terrestris,kac42_terrestris,f,32.824061,-86.993138,2018,5,nhei,NheI_A,CCGAATG,ecori,EcoRI_6,GTATGCAT
plate1,7,A,7,KAC 043,kac043,terrestris,kac43_terrestris,j,32.824061,-86.993138,2018,5,nhei,NheI_A,CCGAATG,ecori,EcoRI_7,CACATGTCT
plate1,8,A,8,KAC 044,kac044,terrestris,kac44_terrestris,m,32.804496,-87.030779,2018,5,nhei,NheI_A,CCGAATG,ecori,EcoRI_8,TGTGCACGAT
plate1,9,A,9,KAC 045,kac045,terrestris,kac45_terrestris,f,32.767027,-87.070731,2018,5,nhei,NheI_A,CCGAATG,ecori,EcoRI_9,GCATCAT
plate1,10,A,10,KAC 046,kac046,terrestris,kac46_terrestris,f,32.765918,-87.071843,2018,5,nhei,NheI_A,CCGAATG,ecori,EcoRI_10,ATGCTGTT
plate1,11,A,11,KAC 047,kac047,terrestris,kac47_terrestris,f,32.78932,-86.908503,2018,5,nhei,NheI_A,CCGAATG,ecori,EcoRI_11,CATGACCTT
plate1,12,A,12,KAC 048,kac048,terrestris,kac48_terrestris,m,32.735748,-86.881494,2018,5,nhei,NheI_A,CCGAATG,ecori,EcoRI_12,TGCAGTGAGT
plate1,13,B,1,KAC 049,kac049,terrestris,kac49_terrestris,f,32.732909,-86.877073,2018,5,nhei,NheI_B,TTAGGCAG,ecori,EcoRI_1,CTAACGT
plate1,14,B,2,KAC 050,kac050,terrestris,kac50_terrestris,f,32.748216,-86.798059,2018,5,nhei,NheI_B,TTAGGCAG,ecori,EcoRI_2,TCGGTACT
plate1,15,B,3,KAC 051,kac051,terrestris,kac51_terrestris,m,32.787421,-86.758471,2018,5,nhei,NheI_B,TTAGGCAG,ecori,EcoRI_3,GATCGTTGT
plate1,16,B,4,KAC 052,kac052,terrestris,kac52_terrestris,j,32.780439,-86.73877,2018,5,nhei,NheI_B,TTAGGCAG,ecori,EcoRI_4,AGCTACACTT
plate1,17,B,5,KAC 053,kac053,fowleri,kac53_fowleri,j,32.780439,-86.73877,2018,5,nhei,NheI_B,TTAGGCAG,ecori,EcoRI_5,ACGCATT
plate1,18,B,6,KAC 065,kac065,terrestris,kac65_terrestris,j,30.432818,-81.640876,2018,8,nhei,NheI_B,TTAGGCAG,ecori,EcoRI_6,GTATGCAT
plate1,19,B,7,KAC 066,kac066,terrestris,kac66_terrestris,j,30.432818,-81.640876,2018,8,nhei,NheI_B,TTAGGCAG,ecori,EcoRI_7,CACATGTCT
plate1,20,B,8,KAC 067,kac067,terrestris,kac67_terrestris,j,30.432818,-81.640876,2018,8,nhei,NheI_B,TTAGGCAG,ecori,EcoRI_8,TGTGCACGAT
plate1,21,B,9,KAC 070,kac070,americanus,kac70_americanus,f,34.799628,-84.576776,2018,9,nhei,NheI_B,TTAGGCAG,ecori,EcoRI_9,GCATCAT
plate1,22,B,10,KAC 071,kac071,terrestris,kac71_terrestris,m,32.434779,-85.6463,2018,10,nhei,NheI_B,TTAGGCAG,ecori,EcoRI_10,ATGCTGTT
plate1,23,B,11,KAC 074,kac074,terrestris,kac74_terrestris,j,30.7743,-85.2269,2018,11,nhei,NheI_B,TTAGGCAG,ecori,EcoRI_11,CATGACCTT
plate1,24,B,12,KAC 075,kac075,terrestris,kac75_terrestris,m,32.94778,-86.632244,2019,2,nhei,NheI_B,TTAGGCAG,ecori,EcoRI_12,TGCAGTGAGT
plate1,25,C,1,KAC 076,kac076,terrestris,kac76_terrestris,m,32.949704,-86.526874,2019,2,nhei,NheI_C,AACTCGTCG,ecori,EcoRI_1,CTAACGT
plate1,26,C,2,KAC 077,kac077,terrestris,kac77_terrestris,m,32.949704,-86.526874,2019,2,nhei,NheI_C,AACTCGTCG,ecori,EcoRI_2,TCGGTACT
plate1,27,C,3,KAC 078,kac078,americanus,kac78_americanus,m,33.002665,-86.389597,2019,2,nhei,NheI_C,AACTCGTCG,ecori,EcoRI_3,GATCGTTGT
plate1,28,C,4,KAC 079,kac079,americanus,kac79_americanus,m,33.012055,-86.478723,2019,2,nhei,NheI_C,AACTCGTCG,ecori,EcoRI_4,AGCTACACTT
plate1,29,C,5,KAC 080,kac080,americanus,kac80_americanus,m,33.044558,-86.455469,2019,2,nhei,NheI_C,AACTCGTCG,ecori,EcoRI_5,ACGCATT
plate1,30,C,6,KAC 081,kac081,americanus,kac81_americanus,f,33.044558,-86.455469,2019,2,nhei,NheI_C,AACTCGTCG,ecori,EcoRI_6,GTATGCAT
plate1,31,C,7,KAC 082,kac082,americanus,kac82_americanus,m,33.044558,-86.455469,2019,2,nhei,NheI_C,AACTCGTCG,ecori,EcoRI_7,CACATGTCT
plate1,32,C,8,KAC 083,kac083,americanus,kac83_americanus,m,33.044558,-86.455469,2019,2,nhei,NheI_C,AACTCGTCG,ecori,EcoRI_8,TGTGCACGAT
plate1,33,C,9,KAC 084,kac084,americanus,kac84_americanus,m,33.044558,-86.455469,2019,2,nhei,NheI_C,AACTCGTCG,ecori,EcoRI_9,GCATCAT
plate1,34,C,10,KAC 085,kac085,americanus,kac85_americanus,m,33.044558,-86.455469,2019,2,nhei,NheI_C,AACTCGTCG,ecori,EcoRI_10,ATGCTGTT
plate1,35,C,11,KAC 086,kac086,americanus,kac86_americanus,m,33.044558,-86.455469,2019,2,nhei,NheI_C,AACTCGTCG,ecori,EcoRI_11,CATGACCTT
plate1,36,C,12,KAC 087,kac087,americanus,kac87_americanus,m,33.014843,-86.390403,2019,2,nhei,NheI_C,AACTCGTCG,ecori,EcoRI_12,TGCAGTGAGT
plate1,37,D,1,KAC 060,kac060,speciosus,kac60_speciosus,?,27.691851,-99.719553,2018,6,nhei,NheI_D,GGTCTACGTG,ecori,EcoRI_1,CTAACGT
plate1,38,D,2,KAC 089,kac089,americanus,kac89_americanus,m,33.014843,-86.390403,2019,2,nhei,NheI_D,GGTCTACGTG,ecori,EcoRI_2,TCGGTACT
plate1,39,D,3,KAC 090,kac090,americanus,kac90_americanus,m,33.064717,-86.474958,2019,2,nhei,NheI_D,GGTCTACGTG,ecori,EcoRI_3,GATCGTTGT
plate1,40,D,4,KAC 091,kac091,americanus,kac91_americanus,f,33.064717,-86.474958,2019,2,nhei,NheI_D,GGTCTACGTG,ecori,EcoRI_4,AGCTACACTT
plate1,41,D,5,KAC 092,kac092,americanus,kac92_americanus,m,33.064717,-86.474958,2019,2,nhei,NheI_D,GGTCTACGTG,ecori,EcoRI_5,ACGCATT
plate1,42,D,6,KAC 093,kac093,americanus,kac93_americanus,m,33.064717,-86.474958,2019,2,nhei,NheI_D,GGTCTACGTG,ecori,EcoRI_6,GTATGCAT
plate1,43,D,7,KAC 094,kac094,americanus,kac94_americanus,m,33.064717,-86.474958,2019,2,nhei,NheI_D,GGTCTACGTG,ecori,EcoRI_7,CACATGTCT
plate1,44,D,8,KAC 095,kac095,americanus,kac95_americanus,m,33.064717,-86.474958,2019,2,nhei,NheI_D,GGTCTACGTG,ecori,EcoRI_8,TGTGCACGAT
plate1,45,D,9,KAC 096,kac096,americanus,kac96_americanus,m,33.064717,-86.474958,2019,2,nhei,NheI_D,GGTCTACGTG,ecori,EcoRI_9,GCATCAT
plate1,46,D,10,KAC 097,kac097,americanus,kac97_americanus,f,33.064717,-86.474958,2019,2,nhei,NheI_D,GGTCTACGTG,ecori,EcoRI_10,ATGCTGTT
plate1,47,D,11,KAC 098,kac098,americanus,kac98_americanus,f,33.025724,-86.467107,2019,2,nhei,NheI_D,GGTCTACGTG,ecori,EcoRI_11,CATGACCTT
plate1,48,D,12,KAC 099,kac099,americanus,kac99_americanus,f,33.025724,-86.467107,2019,2,nhei,NheI_D,GGTCTACGTG,ecori,EcoRI_12,TGCAGTGAGT
plate1,49,E,1,KAC 100,kac100,terrestris,kac100_terrestris,m,32.923743,-86.671995,2019,2,nhei,NheI_E,GATACCG,ecori,EcoRI_1,CTAACGT
plate1,50,E,2,KAC 101,kac101,americanus,kac101_americanus,f,33.032829,-86.459752,2019,2,nhei,NheI_E,GATACCG,ecori,EcoRI_2,TCGGTACT
plate1,51,E,3,KAC 102,kac102,terrestris,kac102_terrestris,m,32.945435,-86.557771,2019,2,nhei,NheI_E,GATACCG,ecori,EcoRI_3,GATCGTTGT
plate1,52,E,4,KAC 103,kac103,terrestris,kac103_terrestris,f,32.94947,-86.526299,2019,2,nhei,NheI_E,GATACCG,ecori,EcoRI_4,AGCTACACTT
plate1,53,E,5,KAC 104,kac104,terrestris,kac104_terrestris,f,32.94947,-86.526299,2019,2,nhei,NheI_E,GATACCG,ecori,EcoRI_5,ACGCATT
plate1,54,E,6,KAC 105,kac105,americanus,kac105_americanus,f,33.042782,-86.453772,2019,2,nhei,NheI_E,GATACCG,ecori,EcoRI_6,GTATGCAT
plate1,55,E,7,KAC 106,kac106,americanus,kac106_americanus,f,33.004635,-86.49692,2019,2,nhei,NheI_E,GATACCG,ecori,EcoRI_7,CACATGTCT
plate1,56,E,8,KAC 107,kac107,americanus,kac107_americanus,f,33.014161,-86.384167,2019,2,nhei,NheI_E,GATACCG,ecori,EcoRI_8,TGTGCACGAT
plate1,57,E,9,KAC 108,kac108,terrestris,kac108_terrestris,m,32.940128,-86.540042,2019,2,nhei,NheI_E,GATACCG,ecori,EcoRI_9,GCATCAT
plate1,58,E,10,KAC 109,kac109,terrestris,kac109_terrestris,m,32.941729,-86.557867,2019,2,nhei,NheI_E,GATACCG,ecori,EcoRI_10,ATGCTGTT
plate1,59,E,11,KAC 110,kac110,americanus,kac110_americanus,m,33.030987,-86.409405,2019,2,nhei,NheI_E,GATACCG,ecori,EcoRI_11,CATGACCTT
plate1,60,E,12,KAC 111,kac111,americanus,kac111_americanus,m,33.005181,-86.498948,2019,2,nhei,NheI_E,GATACCG,ecori,EcoRI_12,TGCAGTGAGT
plate1,61,F,1,KAC 112,kac112,terrestris,kac112_terrestris,m,32.950115,-86.537227,2019,2,nhei,NheI_F,AGCGTTGG,ecori,EcoRI_1,CTAACGT
plate1,62,F,2,KAC 113,kac113,americanus,kac113_americanus,m,33.005279,-86.388972,2019,2,nhei,NheI_F,AGCGTTGG,ecori,EcoRI_2,TCGGTACT
plate1,63,F,3,KAC 114,kac114,americanus,kac114_americanus,f,33.016167,-86.403184,2019,2,nhei,NheI_F,AGCGTTGG,ecori,EcoRI_3,GATCGTTGT
plate1,64,F,4,KAC 115,kac115,americanus,kac115_americanus,f,32.98218,-86.404875,2019,2,nhei,NheI_F,AGCGTTGG,ecori,EcoRI_4,AGCTACACTT
plate1,65,F,5,KAC 116,kac116,americanus,kac116_americanus,f,32.969645,-86.421375,2019,2,nhei,NheI_F,AGCGTTGG,ecori,EcoRI_5,ACGCATT
plate1,66,F,6,KAC 117,kac117,terrestris,kac117_terrestris,?,32.971456,-86.529008,2019,2,nhei,NheI_F,AGCGTTGG,ecori,EcoRI_6,GTATGCAT
plate1,67,F,7,KAC 121,kac121,terrestris,kac121_terrestris,f,32.441195,-85.653856,2019,2,nhei,NheI_F,AGCGTTGG,ecori,EcoRI_7,CACATGTCT
plate1,68,F,8,KAC 122,kac122,terrestris,kac122_terrestris,m,32.854106,-86.766186,2019,4,nhei,NheI_F,AGCGTTGG,ecori,EcoRI_8,TGTGCACGAT
plate1,69,F,9,KAC 123,kac123,terrestris,kac123_terrestris,m,32.900844,-86.675872,2019,4,nhei,NheI_F,AGCGTTGG,ecori,EcoRI_9,GCATCAT
plate1,70,F,10,KAC 124,kac124,terrestris,kac124_terrestris,f,32.910603,-86.678496,2019,4,nhei,NheI_F,AGCGTTGG,ecori,EcoRI_10,ATGCTGTT
plate1,71,F,11,KAC 125,kac125,terrestris,kac125_terrestris,f,32.917147,-86.682083,2019,4,nhei,NheI_F,AGCGTTGG,ecori,EcoRI_11,CATGACCTT
plate1,72,F,12,KAC 126,kac126,terrestris,kac126_terrestris,m,32.927167,-86.674068,2019,4,nhei,NheI_F,AGCGTTGG,ecori,EcoRI_12,TGCAGTGAGT
plate1,73,G,1,KAC 127,kac127,terrestris,kac127_terrestris,f,32.971593,-86.625164,2019,4,nhei,NheI_G,CTGCAACTG,ecori,EcoRI_1,CTAACGT
plate1,74,G,2,KAC 128,kac128,terrestris,kac128_terrestris,m,33.005855,-86.63703,2019,4,nhei,NheI_G,CTGCAACTG,ecori,EcoRI_2,TCGGTACT
plate1,75,G,3,KAC 129,kac129,terrestris,kac129_terrestris,m,33.007967,-86.642098,2019,4,nhei,NheI_G,CTGCAACTG,ecori,EcoRI_3,GATCGTTGT
plate1,76,G,4,KAC 130,kac130,terrestris,kac130_terrestris,m,33.008185,-86.643333,2019,4,nhei,NheI_G,CTGCAACTG,ecori,EcoRI_4,AGCTACACTT
plate1,77,G,5,KAC 131,kac131,terrestris,kac131_terrestris,m,33.015085,-86.649372,2019,4,nhei,NheI_G,CTGCAACTG,ecori,EcoRI_5,ACGCATT
plate1,78,G,6,KAC 132,kac132,terrestris,kac132_terrestris,m,33.020339,-86.666505,2019,4,nhei,NheI_G,CTGCAACTG,ecori,EcoRI_6,GTATGCAT
plate1,79,G,7,KAC 133,kac133,terrestris,kac133_terrestris,f,33.01163,-86.647591,2019,4,nhei,NheI_G,CTGCAACTG,ecori,EcoRI_7,CACATGTCT
plate1,80,G,8,KAC 134,kac134,terrestris,kac134_terrestris,m,33.005369,-86.636515,2019,4,nhei,NheI_G,CTGCAACTG,ecori,EcoRI_8,TGTGCACGAT
plate1,81,G,9,KAC 135,kac135,terrestris,kac135_terrestris,f,33.00644,-86.633682,2019,4,nhei,NheI_G,CTGCAACTG,ecori,EcoRI_9,GCATCAT
plate1,82,G,10,KAC 136,kac136,terrestris,kac136_terrestris,m,33.006733,-86.633158,2019,4,nhei,NheI_G,CTGCAACTG,ecori,EcoRI_10,ATGCTGTT
plate1,83,G,11,KAC 137,kac137,fowleri,kac137_fowleri,?,33.014605,-86.609529,2019,4,nhei,NheI_G,CTGCAACTG,ecori,EcoRI_11,CATGACCTT
plate1,84,G,12,KAC 138,kac138,americanus,kac138_americanus,?,32.702242,-85.661958,2019,4,nhei,NheI_G,CTGCAACTG,ecori,EcoRI_12,TGCAGTGAGT
plate1,85,H,1,KAC 139,kac139,americanus,kac139_americanus,?,32.730416,-85.661728,2019,4,nhei,NheI_H,TCATGGTCAG,ecori,EcoRI_1,CTAACGT
plate1,86,H,2,KAC 140,kac140,terrestris,kac140_terrestris,?,32.625533,-85.636835,2019,4,nhei,NheI_H,TCATGGTCAG,ecori,EcoRI_2,TCGGTACT
plate1,87,H,3,KAC 141,kac141,terrestris,kac141_terrestris,?,32.410323,-85.601075,2019,4,nhei,NheI_H,TCATGGTCAG,ecori,EcoRI_3,GATCGTTGT
plate1,88,H,4,KAC 142,kac142,terrestris,kac142_terrestris,?,32.570111,-85.808878,2019,4,nhei,NheI_H,TCATGGTCAG,ecori,EcoRI_4,AGCTACACTT
plate1,89,H,5,KAC 143,kac143,terrestris,kac143_terrestris,?,32.477727,-85.798238,2019,4,nhei,NheI_H,TCATGGTCAG,ecori,EcoRI_5,ACGCATT
plate1,90,H,6,KAC 144,kac144,terrestris,kac144_terrestris,?,32.477069,-85.795772,2019,4,nhei,NheI_H,TCATGGTCAG,ecori,EcoRI_6,GTATGCAT
plate1,91,H,7,KAC 145,kac145,terrestris,kac145_terrestris,?,32.481285,-85.763541,2019,4,nhei,NheI_H,TCATGGTCAG,ecori,EcoRI_7,CACATGTCT
plate1,92,H,8,KAC 146,kac146,terrestris,kac146_terrestris,?,32.482906,-85.756219,2019,4,nhei,NheI_H,TCATGGTCAG,ecori,EcoRI_8,TGTGCACGAT
plate1,93,H,9,KAC 147,kac147,terrestris,kac147_terrestris,?,32.450012,-85.796522,2019,4,nhei,NheI_H,TCATGGTCAG,ecori,EcoRI_9,GCATCAT
plate1,94,H,10,KAC 148,kac148,terrestris,kac148_terrestris,?,32.454201,-85.794082,2019,4,nhei,NheI_H,TCATGGTCAG,ecori,EcoRI_10,ATGCTGTT
plate1,95,H,11,KAC 149,kac149,terrestris,kac149_terrestris,?,32.454491,-85.786639,2019,4,nhei,NheI_H,TCATGGTCAG,ecori,EcoRI_11,CATGACCTT
plate1,96,H,12,KAC 150,kac150,terrestris,kac150_terrestris,?,32.454491,-85.786639,2019,4,nhei,NheI_H,TCATGGTCAG,ecori,EcoRI_12,TGCAGTGAGT
plate2,1,A,1,KAC 151,kac151,terrestris,kac151_terrestris,?,32.45451,-85.784163,2019,4,nhei,NheI_A,CCGAATG,ecori,EcoRI_1,CTAACGT
plate2,2,A,2,KAC 152,kac152,terrestris,kac152_terrestris,?,32.454233,-85.776336,2019,4,nhei,NheI_A,CCGAATG,ecori,EcoRI_2,TCGGTACT
plate2,3,A,3,KAC 153,kac153,terrestris,kac153_terrestris,?,32.454233,-85.776336,2019,4,nhei,NheI_A,CCGAATG,ecori,EcoRI_3,GATCGTTGT
plate2,4,A,4,KAC 154,kac154,terrestris,kac154_terrestris,?,32.465744,-85.769772,2019,4,nhei,NheI_A,CCGAATG,ecori,EcoRI_4,AGCTACACTT
plate2,5,A,5,KAC 155,kac155,terrestris,kac155_terrestris,?,32.469615,-85.773691,2019,4,nhei,NheI_A,CCGAATG,ecori,EcoRI_5,ACGCATT
plate2,6,A,6,KAC 156,kac156,terrestris,kac156_terrestris,?,32.477095,-85.791747,2019,4,nhei,NheI_A,CCGAATG,ecori,EcoRI_6,GTATGCAT
plate2,7,A,7,KAC 157,kac157,fowleri,kac157_fowleri,m,32.437695,-85.636201,2019,4,nhei,NheI_A,CCGAATG,ecori,EcoRI_7,CACATGTCT
plate2,8,A,8,KAC 158,kac158,terrestris,kac158_terrestris,?,32.477095,-85.791747,2019,4,nhei,NheI_A,CCGAATG,ecori,EcoRI_8,TGTGCACGAT
plate2,9,A,9,KAC 159,kac159,terrestris,kac159_terrestris,?,32.490004,-85.797409,2019,4,nhei,NheI_A,CCGAATG,ecori,EcoRI_9,GCATCAT
plate2,10,A,10,KAC 160,kac160,terrestris,kac160_terrestris,?,32.408088,-85.478571,2019,4,nhei,NheI_A,CCGAATG,ecori,EcoRI_10,ATGCTGTT
plate2,11,A,11,KAC 161,kac161,terrestris,kac161_terrestris,?,32.417444,-85.471168,2019,4,nhei,NheI_A,CCGAATG,ecori,EcoRI_11,CATGACCTT
plate2,12,A,12,KAC 162,kac162,terrestris,kac162_terrestris,?,32.35417,-86.098383,,,nhei,NheI_A,CCGAATG,ecori,EcoRI_12,TGCAGTGAGT
plate2,13,B,1,KAC 163,kac163,terrestris,kac163_terrestris,?,32.339941,-86.099463,,,nhei,NheI_B,TTAGGCAG,ecori,EcoRI_1,CTAACGT
plate2,14,B,2,KAC 164,kac164,terrestris,kac164_terrestris,?,32.315622,-86.137894,,,nhei,NheI_B,TTAGGCAG,ecori,EcoRI_2,TCGGTACT
plate2,15,B,3,KAC 165,kac165,fowleri,kac165_fowleri,m,32.663564,-85.484982,2018,4,nhei,NheI_B,TTAGGCAG,ecori,EcoRI_3,GATCGTTGT
plate2,16,B,4,KAC 166,kac166,fowleri,kac166_fowleri,j,32.663564,-85.484982,2018,4,nhei,NheI_B,TTAGGCAG,ecori,EcoRI_4,AGCTACACTT
plate2,17,B,5,KAC 167,kac167,terrestris,kac167_terrestris,f,33.066201,-86.603276,2019,4,nhei,NheI_B,TTAGGCAG,ecori,EcoRI_5,ACGCATT
plate2,18,B,6,KAC 172,kac172,americanus,kac172_americanus,f,32.621711,-85.614672,2019,5,nhei,NheI_B,TTAGGCAG,ecori,EcoRI_6,GTATGCAT
plate2,19,B,7,KAC 173,kac173,americanus,kac173_americanus,f,32.617511,-85.643347,2019,5,nhei,NheI_B,TTAGGCAG,ecori,EcoRI_7,CACATGTCT
plate2,20,B,8,KAC 174,kac174,fowleri,kac174_fowleri,f,32.629382,-85.638284,2019,5,nhei,NheI_B,TTAGGCAG,ecori,EcoRI_8,TGTGCACGAT
plate2,21,B,9,KAC 175,kac175,fowleri,kac175_fowleri,f,32.648495,-85.647115,2019,5,nhei,NheI_B,TTAGGCAG,ecori,EcoRI_9,GCATCAT
plate2,22,B,10,KAC 176,kac176,americanus,kac176_americanus,f,32.668357,-85.662326,2019,5,nhei,NheI_B,TTAGGCAG,ecori,EcoRI_10,ATGCTGTT
plate2,23,B,11,KAC 177,kac177,americanus,kac177_americanus,f,32.655707,-85.571337,2019,5,nhei,NheI_B,TTAGGCAG,ecori,EcoRI_11,CATGACCTT
plate2,24,B,12,KAC 178,kac178,fowleri,kac178_fowleri,m,32.386444,-85.235611,2019,5,nhei,NheI_B,TTAGGCAG,ecori,EcoRI_12,TGCAGTGAGT
plate2,25,C,1,KAC 179,kac179,fowleri,kac179_fowleri,m,32.386444,-85.235611,2019,5,nhei,NheI_C,AACTCGTCG,ecori,EcoRI_1,CTAACGT
plate2,26,C,2,KAC 180,kac180,fowleri,kac180_fowleri,m,32.386444,-85.235611,2019,5,nhei,NheI_C,AACTCGTCG,ecori,EcoRI_2,TCGGTACT
plate2,27,C,3,KAC 181,kac181,terrestris,kac181_terrestris,m,32.386444,-85.235611,2019,5,nhei,NheI_C,AACTCGTCG,ecori,EcoRI_3,GATCGTTGT
plate2,28,C,4,KAC 182,kac182,terrestris,kac182_terrestris,m,32.385793,-85.235653,2019,5,nhei,NheI_C,AACTCGTCG,ecori,EcoRI_4,AGCTACACTT
plate2,29,C,5,KAC 183,kac183,terrestris,kac183_terrestris,m,32.385793,-85.235653,2019,5,nhei,NheI_C,AACTCGTCG,ecori,EcoRI_5,ACGCATT
plate2,30,C,6,KAC 184,kac184,terrestris,kac184_terrestris,m,32.385793,-85.235653,2019,5,nhei,NheI_C,AACTCGTCG,ecori,EcoRI_6,GTATGCAT
plate2,31,C,7,KAC 185,kac185,terrestris,kac185_terrestris,m,32.385793,-85.235653,2019,5,nhei,NheI_C,AACTCGTCG,ecori,EcoRI_7,CACATGTCT
plate2,32,C,8,KAC 186,kac186,fowleri,kac186_fowleri,m,32.385793,-85.235653,2019,5,nhei,NheI_C,AACTCGTCG,ecori,EcoRI_8,TGTGCACGAT
plate2,33,C,9,KAC 187,kac187,terrestris,kac187_terrestris,m,32.645479,-85.551346,2020,2,nhei,NheI_C,AACTCGTCG,ecori,EcoRI_9,GCATCAT
plate2,34,C,10,KAC 188,kac188,terrestris,kac188_terrestris,f,32.409763,-85.602077,2020,2,nhei,NheI_C,AACTCGTCG,ecori,EcoRI_10,ATGCTGTT
plate2,35,C,11,KAC 189,kac189,terrestris,kac189_terrestris,f,33.091522,-86.566863,2020,3,nhei,NheI_C,AACTCGTCG,ecori,EcoRI_11,CATGACCTT
plate2,36,C,12,KAC 190,kac190,terrestris,kac190_terrestris,f,33.112983,-86.694343,2020,3,nhei,NheI_C,AACTCGTCG,ecori,EcoRI_12,TGCAGTGAGT
plate2,37,D,1,KAC 191,kac191,terrestris,kac191_terrestris,m,33.106591,-86.682277,2020,3,nhei,NheI_D,GGTCTACGTG,ecori,EcoRI_1,CTAACGT
plate2,38,D,2,KAC 192,kac192,terrestris,kac192_terrestris,f,33.105093,-86.680138,2020,3,nhei,NheI_D,GGTCTACGTG,ecori,EcoRI_2,TCGGTACT
plate2,39,D,3,KAC 193,kac193,terrestris,kac193_terrestris,f,33.07896,-86.672859,2020,3,nhei,NheI_D,GGTCTACGTG,ecori,EcoRI_3,GATCGTTGT
plate2,40,D,4,KAC 194,kac194,terrestris,kac194_terrestris,m,32.939331,-86.620078,2020,3,nhei,NheI_D,GGTCTACGTG,ecori,EcoRI_4,AGCTACACTT
plate2,41,D,5,KAC 195,kac195,terrestris,kac195_terrestris,f,32.947455,-86.621458,2020,3,nhei,NheI_D,GGTCTACGTG,ecori,EcoRI_5,ACGCATT
plate2,42,D,6,KAC 196,kac196,terrestris,kac196_terrestris,f,32.948288,-86.621901,2020,3,nhei,NheI_D,GGTCTACGTG,ecori,EcoRI_6,GTATGCAT
plate2,43,D,7,KAC 197,kac197,terrestris,kac197_terrestris,m,32.949291,-86.622407,2020,3,nhei,NheI_D,GGTCTACGTG,ecori,EcoRI_7,CACATGTCT
plate2,44,D,8,KAC 198,kac198,terrestris,kac198_terrestris,j,32.950771,-86.623061,2020,3,nhei,NheI_D,GGTCTACGTG,ecori,EcoRI_8,TGTGCACGAT
plate2,45,D,9,KAC 199,kac199,terrestris,kac199_terrestris,f,32.957938,-86.624769,2020,3,nhei,NheI_D,GGTCTACGTG,ecori,EcoRI_9,GCATCAT
plate2,46,D,10,KAC 200,kac200,terrestris,kac200_terrestris,f,32.959396,-86.624885,2020,3,nhei,NheI_D,GGTCTACGTG,ecori,EcoRI_10,ATGCTGTT
plate2,47,D,11,KAC 202,kac202,fowleri,kac202_fowleri,f,33.251041,-86.438502,2020,3,nhei,NheI_D,GGTCTACGTG,ecori,EcoRI_11,CATGACCTT
plate2,48,D,12,KAC 203,kac203,fowleri,kac203_fowleri,m,32.622944,-85.496597,2020,4,nhei,NheI_D,GGTCTACGTG,ecori,EcoRI_12,TGCAGTGAGT
plate2,49,E,1,KAC 204,kac204,fowleri,kac204_fowleri,j,32.622944,-85.496597,2020,4,nhei,NheI_E,GATACCG,ecori,EcoRI_1,CTAACGT
plate2,50,E,2,KAC 205,kac205,terrestris,kac205_terrestris,m,32.548519,-85.486919,2020,3,nhei,NheI_E,GATACCG,ecori,EcoRI_2,TCGGTACT
plate2,51,E,3,KAC 206,kac206,americanus,kac206_americanus,f,33.307591,-86.582013,2020,4,nhei,NheI_E,GATACCG,ecori,EcoRI_3,GATCGTTGT
plate2,52,E,4,KAC 207,kac207,americanus,kac207_americanus,j,33.316847,-86.575965,2020,4,nhei,NheI_E,GATACCG,ecori,EcoRI_4,AGCTACACTT
plate2,53,E,5,KAC 208,kac208,americanus,kac208_americanus,m,33.098294,-86.565293,2020,4,nhei,NheI_E,GATACCG,ecori,EcoRI_5,ACGCATT
plate2,54,E,6,KAC 209,kac209,terrestris,kac209_terrestris,f,33.086002,-86.563938,2020,4,nhei,NheI_E,GATACCG,ecori,EcoRI_6,GTATGCAT
plate2,55,E,7,KAC 210,kac210,terrestris,kac210_terrestris,m,33.086002,-86.563938,2020,4,nhei,NheI_E,GATACCG,ecori,EcoRI_7,CACATGTCT
plate2,56,E,8,KAC 211,kac211,terrestris,kac211_terrestris,m,33.014643,-86.609949,2020,4,nhei,NheI_E,GATACCG,ecori,EcoRI_8,TGTGCACGAT
plate2,57,E,9,KAC 212,kac212,terrestris,kac212_terrestris,m,33.012085,-86.617071,2020,4,nhei,NheI_E,GATACCG,ecori,EcoRI_9,GCATCAT
plate2,58,E,10,KAC 213,kac213,terrestris,kac213_terrestris,f,33.004352,-86.637099,2020,4,nhei,NheI_E,GATACCG,ecori,EcoRI_10,ATGCTGTT
plate2,59,E,11,KAC 214,kac214,terrestris,kac214_terrestris,m,32.999914,-86.641813,2020,4,nhei,NheI_E,GATACCG,ecori,EcoRI_11,CATGACCTT
plate2,60,E,12,KAC 215,kac215,terrestris,kac215_terrestris,m,32.996047,-86.645262,2020,4,nhei,NheI_E,GATACCG,ecori,EcoRI_12,TGCAGTGAGT
plate2,61,F,1,KAC 216,kac216,terrestris,kac216_terrestris,f,33.013457,-86.6096,2020,4,nhei,NheI_F,AGCGTTGG,ecori,EcoRI_1,CTAACGT
plate2,62,F,2,KAC 217,kac217,terrestris,kac217_terrestris,m,32.914699,-86.602699,2020,4,nhei,NheI_F,AGCGTTGG,ecori,EcoRI_2,TCGGTACT
plate2,63,F,3,KAC 218,kac218,terrestris,kac218_terrestris,m,32.924322,-86.598953,2020,4,nhei,NheI_F,AGCGTTGG,ecori,EcoRI_3,GATCGTTGT
plate2,64,F,4,KAC 219,kac219,terrestris,kac219_terrestris,f,32.93987,-86.561135,2020,4,nhei,NheI_F,AGCGTTGG,ecori,EcoRI_4,AGCTACACTT
plate2,65,F,5,KAC 220,kac220,americanus,kac220_americanus,m,32.96579,-86.508917,2020,4,nhei,NheI_F,AGCGTTGG,ecori,EcoRI_5,ACGCATT
plate2,66,F,6,KAC 221,kac221,americanus,kac221_americanus,j,32.963888,-86.425495,2020,4,nhei,NheI_F,AGCGTTGG,ecori,EcoRI_6,GTATGCAT
plate2,67,F,7,KAC 223,kac223,terrestris,kac223_terrestris,m,32.533621,-85.798389,2020,4,nhei,NheI_F,AGCGTTGG,ecori,EcoRI_7,CACATGTCT
plate2,68,F,8,KAC 224,kac224,terrestris,kac224_terrestris,f,32.48869,-85.795555,2020,4,nhei,NheI_F,AGCGTTGG,ecori,EcoRI_8,TGTGCACGAT
plate2,69,F,9,KAC 225,kac225,terrestris,kac225_terrestris,f,32.501593,-85.798595,2020,4,nhei,NheI_F,AGCGTTGG,ecori,EcoRI_9,GCATCAT
plate2,70,F,10,KAC 226,kac226,fowleri,kac226_fowleri,m,32.481193,-85.798379,2020,4,nhei,NheI_F,AGCGTTGG,ecori,EcoRI_10,ATGCTGTT
plate2,71,F,11,KAC 230,kac230,terrestris,kac230_terrestris,m,30.809332,-86.776858,2020,5,nhei,NheI_F,AGCGTTGG,ecori,EcoRI_11,CATGACCTT
plate2,72,F,12,KAC 232,kac232,terrestris,kac232_terrestris,?,30.809216,-86.789938,2020,5,nhei,NheI_F,AGCGTTGG,ecori,EcoRI_12,TGCAGTGAGT
plate2,73,G,1,KAC 233,kac233,terrestris,kac233_terrestris,?,30.809216,-86.789938,2020,5,nhei,NheI_G,CTGCAACTG,ecori,EcoRI_1,CTAACGT
plate2,74,G,2,KAC 234,kac234,terrestris,kac234_terrestris,?,30.809216,-86.789938,2020,5,nhei,NheI_G,CTGCAACTG,ecori,EcoRI_2,TCGGTACT
plate2,75,G,3,KAC 236,kac236,terrestris,kac236_terrestris,?,30.826322,-86.802577,2020,5,nhei,NheI_G,CTGCAACTG,ecori,EcoRI_3,GATCGTTGT
plate2,76,G,4,KAC 237,kac237,terrestris,kac237_terrestris,?,30.837332,-86.7763,2020,5,nhei,NheI_G,CTGCAACTG,ecori,EcoRI_4,AGCTACACTT
plate2,77,G,5,KAC 238,kac238,terrestris,kac238_terrestris,?,30.824332,-86.762838,2020,5,nhei,NheI_G,CTGCAACTG,ecori,EcoRI_5,ACGCATT
plate2,78,G,6,KAC 239,kac239,terrestris,kac239_terrestris,?,30.8016249,-86.7665909,2020,5,nhei,NheI_G,CTGCAACTG,ecori,EcoRI_6,GTATGCAT
plate2,79,G,7,KAC 240,kac240,fowleri,kac240_fowleri,f,32.6432798,-85.3711405,2020,6,nhei,NheI_G,CTGCAACTG,ecori,EcoRI_7,CACATGTCT
plate2,80,G,8,KAC 241,kac241,fowleri,kac241_fowleri,f,32.6432798,-85.3711405,2020,6,nhei,NheI_G,CTGCAACTG,ecori,EcoRI_8,TGTGCACGAT
plate2,81,G,9,KAC 242,kac242,americanus,kac242_americanus,m,34.504456,-85.637683,2020,7,nhei,NheI_G,CTGCAACTG,ecori,EcoRI_9,GCATCAT
plate2,82,G,10,KAC 243,kac243,nebulifer,kac243_nebulifer,,,,,,nhei,NheI_G,CTGCAACTG,ecori,EcoRI_10,ATGCTGTT
plate2,83,G,11,KAC 244,kac244,fowleri,kac244_fowleri,m,32.8926113,-93.8875622,2021,9,nhei,NheI_G,CTGCAACTG,ecori,EcoRI_11,CATGACCTT
plate2,84,G,12,KAC t1020,t1020,terrestris,t1020_terrestris,m,31.107834,-86.622468,2017,?,nhei,NheI_G,CTGCAACTG,ecori,EcoRI_12,TGCAGTGAGT
plate2,85,H,1,KAC t1030,t1030,terrestris,t1030_terrestris,f,31.990423,-85.074232,2018,?,nhei,NheI_H,TCATGGTCAG,ecori,EcoRI_1,CTAACGT
plate2,86,H,2,KAC t2004,t2004,americanus,t2004_americanus,f,33.582946,-85.73524,2018,?,nhei,NheI_H,TCATGGTCAG,ecori,EcoRI_2,TCGGTACT
plate2,87,H,3,KAC t2040,t2040,americanus,t2040_americanus,m,33.582945,-85.735393,2018,?,nhei,NheI_H,TCATGGTCAG,ecori,EcoRI_3,GATCGTTGT
plate2,88,H,4,KAC t2043,t2043,americanus,t2043_americanus,f,32.816418,-86.38018,2018,?,nhei,NheI_H,TCATGGTCAG,ecori,EcoRI_4,AGCTACACTT
plate2,89,H,5,KAC t3040,t3040,fowleri,t3040_fowleri,m,32.386444,-85.235611,2018,?,nhei,NheI_H,TCATGGTCAG,ecori,EcoRI_5,ACGCATT
plate2,90,H,6,KAC t2020,t2020,americanus,t2020_americanus,f,33.238526,-85.962698,2017,?,nhei,NheI_H,TCATGGTCAG,ecori,EcoRI_6,GTATGCAT
plate2,91,H,7,KAC t1040,t1040,terrestris,t1040_terrestris,m,31.990158,-85.070458,2018,?,nhei,NheI_H,TCATGGTCAG,ecori,EcoRI_7,CACATGTCT
plate2,92,H,8,KAC 161,kac161,terrestris,kac161_terrestris,?,32.417444,-85.471168,2019,4,nhei,NheI_H,TCATGGTCAG,ecori,EcoRI_8,TGTGCACGAT
plate2,93,H,9,KAC 187,kac187,americanus,kac187_americanus,m,32.645479,-85.551346,2020,2,nhei,NheI_H,TCATGGTCAG,ecori,EcoRI_9,GCATCAT
plate2,94,H,10,KAC 211,kac211,terrestris,kac211_terrestris,m,33.014643,-86.609949,2020,4,nhei,NheI_H,TCATGGTCAG,ecori,EcoRI_10,ATGCTGTT
plate2,95,H,11,KAC 221,kac221,americanus,kac221_americanus,j,32.963888,-86.425495,2020,4,nhei,NheI_H,TCATGGTCAG,ecori,EcoRI_11,CATGACCTT
plate2,96,H,12,KAC 232,kac232,terrestris,kac232_terrestris,?,30.809216,-86.789938,2020,5,nhei,NheI_H,TCATGGTCAG,ecori,EcoRI_12,TGCAGTGAGT
plate3,1,A,1,KAC t2018-02-17-01,kac2018021701,americanus,kac2018021701_americanus,?,33.55274,-85.829132,2018,2,nhei,NheI_A,CCGAATG,ecori,EcoRI_1,CTAACGT
plate3,2,A,2,KAC t2018-02-17-04,kac2018021704,americanus,kac2018021704_americanus,?,33.485484,-85.888566,2018,2,nhei,NheI_A,CCGAATG,ecori,EcoRI_2,TCGGTACT
plate3,3,A,3,KAC t2018-02-17-05,kac2018021705,americanus,kac2018021705_americanus,?,33.316494,-86.052932,2018,2,nhei,NheI_A,CCGAATG,ecori,EcoRI_3,GATCGTTGT
plate3,4,A,4,KAC t2018-02-17-06,kac2018021706,americanus,kac2018021706_americanus,?,33.284428,-86.084432,2018,2,nhei,NheI_A,CCGAATG,ecori,EcoRI_4,AGCTACACTT
plate3,5,A,5,KAC t2018-02-17-07,kac2018021707,americanus,kac2018021707_americanus,?,33.245762,-86.081675,2018,2,nhei,NheI_A,CCGAATG,ecori,EcoRI_5,ACGCATT
plate3,6,A,6,KAC t2018-03-10-1,kac201803101,americanus,kac201803101_americanus,?,32.910571,-86.092722,2018,3,nhei,NheI_A,CCGAATG,ecori,EcoRI_6,GTATGCAT
plate3,7,A,7,KAC t2018-03-10-2,kac201803102,fowleri,kac201803102_fowleri,?,32.931161,-86.084646,2018,3,nhei,NheI_A,CCGAATG,ecori,EcoRI_7,CACATGTCT
plate3,8,A,8,KAC t2018-03-10-3,kac201803103,americanus,kac201803103_americanus,?,32.951037,-86.145395,2018,3,nhei,NheI_A,CCGAATG,ecori,EcoRI_8,TGTGCACGAT
plate3,9,A,9,KAC t2018-03-10-4,kac201803104,americanus,kac201803104_americanus,?,32.897867,-86.26061,2018,3,nhei,NheI_A,CCGAATG,ecori,EcoRI_9,GCATCAT
plate3,10,A,10,KAC t2018-03-10-5,kac201803105,americanus,kac201803105_americanus,?,32.816418,-86.38018,2018,3,nhei,NheI_A,CCGAATG,ecori,EcoRI_10,ATGCTGTT
plate3,11,A,11,KAC t2018-08-18-1,kac201808181,terrestris,kac201808181_terrestris,?,30.669021,-81.440135,2018,8,nhei,NheI_A,CCGAATG,ecori,EcoRI_11,CATGACCTT
plate3,12,A,12,KAC t2018-08-18-2,kac201808182,terrestris,kac201808182_terrestris,?,30.669021,-81.440135,2018,8,nhei,NheI_A,CCGAATG,ecori,EcoRI_12,TGCAGTGAGT
plate3,13,B,1,KAC t2018-08-18-3,kac201808183,terrestris,kac201808183_terrestris,?,30.432818,-81.640876,2018,8,nhei,NheI_B,TTAGGCAG,ecori,EcoRI_1,CTAACGT
plate3,14,B,2,KAC t2018-08-18-4,kac201808184,terrestris,kac201808184_terrestris,?,30.669021,-81.440135,2018,8,nhei,NheI_B,TTAGGCAG,ecori,EcoRI_2,TCGGTACT
plate3,15,B,3,KAC t2019-08-25-1,kac201908251,americanus,kac201908251_americanus,j,34.218521,-87.366617,2019,8,nhei,NheI_B,TTAGGCAG,ecori,EcoRI_3,GATCGTTGT
plate3,16,B,4,KAC t2019-08-25-2,kac201908252,fowleri,kac201908252_fowleri,j,34.218521,-87.366617,2019,8,nhei,NheI_B,TTAGGCAG,ecori,EcoRI_4,AGCTACACTT
plate3,17,B,5,MSB 75646,msb75646,woodhousii,msb75646_woodhousii,,33.36365042,-104.3428216,2009,,nhei,NheI_B,TTAGGCAG,ecori,EcoRI_5,ACGCATT
plate3,18,B,6,MSB 92689,msb92689,baxteri,msb92689_baxteri,,41.211821,-105.8255766,2002,,nhei,NheI_B,TTAGGCAG,ecori,EcoRI_6,GTATGCAT
plate3,19,B,7,MSB 92691,msb92691,baxteri,msb92691_baxteri,,41.211821,-105.8255766,2002,,nhei,NheI_B,TTAGGCAG,ecori,EcoRI_7,CACATGTCT
plate3,20,B,8,MSB 92692,msb92692,baxteri,msb92692_baxteri,,41.211821,-105.8255766,2002,,nhei,NheI_B,TTAGGCAG,ecori,EcoRI_8,TGTGCACGAT
plate3,21,B,9,MSB 96528,msb96528,debilis,msb96528_debilis,,32.582385,-107.463482,2015,,nhei,NheI_B,TTAGGCAG,ecori,EcoRI_9,GCATCAT
plate3,22,B,10,MSB 98058,msb98058,woodhousii,msb98058_woodhousii,,32.8336,-108.609,2017,,nhei,NheI_B,TTAGGCAG,ecori,EcoRI_10,ATGCTGTT
plate3,23,B,11,MSB 98065,msb98065,cognatus,msb98065_cognatus,,32.6324,-108.738,2016,,nhei,NheI_B,TTAGGCAG,ecori,EcoRI_11,CATGACCTT
plate3,24,B,12,MSB 100793,msb100793,microscaphus,msb100793_microscaphus,,37.27153801,-114.464781,2020,,nhei,NheI_B,TTAGGCAG,ecori,EcoRI_12,TGCAGTGAGT
plate3,25,C,1,MSB 100800,msb100800,woodhousii,msb100800_woodhousii,,36.73611667,-114.2197167,2020,,nhei,NheI_C,AACTCGTCG,ecori,EcoRI_1,CTAACGT
plate3,26,C,2,MSB 100913,msb100913,microscaphus,msb100913_microscaphus,,33.280379,-108.088683,2020,,nhei,NheI_C,AACTCGTCG,ecori,EcoRI_2,TCGGTACT
plate3,27,C,3,MSB 104548,msb104548,woodhousii,msb104548_woodhousii,,36.49094,-103.20838,2021,,nhei,NheI_C,AACTCGTCG,ecori,EcoRI_3,GATCGTTGT
plate3,28,C,4,MSB 104570,msb104570,fowleri,msb104570_fowleri,,34.00087,-95.38229,2021,,nhei,NheI_C,AACTCGTCG,ecori,EcoRI_4,AGCTACACTT
plate3,29,C,5,MSB 104571,msb104571,americanus,msb104571_americanus,,34.00917,-95.38058,2021,,nhei,NheI_C,AACTCGTCG,ecori,EcoRI_5,ACGCATT
plate3,30,C,6,MSB 104608,msb104608,americanus,msb104608_americanus,,34.00367,-94.8267,2021,,nhei,NheI_C,AACTCGTCG,ecori,EcoRI_6,GTATGCAT
plate3,31,C,7,MSB 104644,msb104644,americanus,msb104644_americanus,,36.95124,-94.27782,2021,,nhei,NheI_C,AACTCGTCG,ecori,EcoRI_7,CACATGTCT
plate3,32,C,8,MSB 104677,msb104677,cognatus,msb104677_cognatus,,46.39834,-97.20927,2021,,nhei,NheI_C,AACTCGTCG,ecori,EcoRI_8,TGTGCACGAT
plate3,33,C,9,MSB 104681,msb104681,hemiophrys,msb104681_hemiophrys,,46.47076,-97.04604,2021,,nhei,NheI_C,AACTCGTCG,ecori,EcoRI_9,GCATCAT
plate3,34,C,10,MSB 104731,msb104731,woodhousii,msb104731_woodhousii,,42.61091,-100.65607,2021,,nhei,NheI_C,AACTCGTCG,ecori,EcoRI_10,ATGCTGTT
plate3,35,C,11,UTEP 18705,utep18705,woodhousii,utep18705_woodhousii,,32.45198333,-106.8831667,2002,,nhei,NheI_C,AACTCGTCG,ecori,EcoRI_11,CATGACCTT
plate3,36,C,12,UTEP 19941,utep19941,fowleri,utep19941_fowleri,,34.79136667,-88.95715,2009,,nhei,NheI_C,AACTCGTCG,ecori,EcoRI_12,TGCAGTGAGT
plate3,37,D,1,UTEP 19943,utep19943,fowleri,utep19943_fowleri,,33.81998333,-88.29533333,2009,,nhei,NheI_D,GGTCTACGTG,ecori,EcoRI_1,CTAACGT
plate3,38,D,2,UTEP 19947,utep19947,terrestris,utep19947_terrestris,,31.22431667,-88.77548333,2009,,nhei,NheI_D,GGTCTACGTG,ecori,EcoRI_2,TCGGTACT
plate3,39,D,3,UTEP 20105,utep20105,woodhousii,utep20105_woodhousii,,33.62853333,-103.0819833,2010,,nhei,NheI_D,GGTCTACGTG,ecori,EcoRI_3,GATCGTTGT
plate3,40,D,4,UTEP 20482,utep20482,woodhousii,utep20482_woodhousii,,32.907083,-94.74945,,,nhei,NheI_D,GGTCTACGTG,ecori,EcoRI_4,AGCTACACTT
plate3,41,D,5,UTEP 20921,utep20921,americanus,utep20921_americanus,,35.55405,-91.83443333,2014,,nhei,NheI_D,GGTCTACGTG,ecori,EcoRI_5,ACGCATT
plate3,42,D,6,UTEP 21284,utep21284,debilis,utep21284_debilis,,31.25968,-105.33402,2015,,nhei,NheI_D,GGTCTACGTG,ecori,EcoRI_6,GTATGCAT
plate3,43,D,7,UTEP 21286,utep21286,speciosus,utep21286_speciosus,,31.7014,-105.47958,2015,,nhei,NheI_D,GGTCTACGTG,ecori,EcoRI_7,CACATGTCT
plate3,44,D,8,UTEP 21724,utep21724,speciosus,utep21724_speciosus,,31.26087,-104.60168,2017,,nhei,NheI_D,GGTCTACGTG,ecori,EcoRI_8,TGTGCACGAT
plate3,45,D,9,UTEP 21881,utep21881,cognatus,utep21881_cognatus,,35.536,-100.44035,2018,,nhei,NheI_D,GGTCTACGTG,ecori,EcoRI_9,GCATCAT
plate3,46,D,10,UTEP 21884,utep21884,speciosus,utep21884_speciosus,,32.75471667,-101.4320833,2018,,nhei,NheI_D,GGTCTACGTG,ecori,EcoRI_10,ATGCTGTT
plate3,47,D,11,UTEP 21885,utep21885,speciosus,utep21885_speciosus,,32.20195,-100.34345,2018,,nhei,NheI_D,GGTCTACGTG,ecori,EcoRI_11,CATGACCTT
plate3,48,D,12,UTEP 21886,utep21886,woodhousii,utep21886_woodhousii,,35.078,-100.4339167,2018,,nhei,NheI_D,GGTCTACGTG,ecori,EcoRI_12,TGCAGTGAGT
plate3,49,E,1,AHT 1975,aht1975,americanus,aht1975_americanus,,32.77356389,-85.53325,,,nhei,NheI_E,GATACCG,ecori,EcoRI_1,CTAACGT
plate3,50,E,2,AHT 2456,aht2456,terrestris,aht2456_terrestris,,32.194943,-89.236288,,,nhei,NheI_E,GATACCG,ecori,EcoRI_2,TCGGTACT
plate3,51,E,3,AHT 2544,aht2544,quercicus,aht2544_quercicus,,30.99523,-86.23332,,,nhei,NheI_E,GATACCG,ecori,EcoRI_3,GATCGTTGT
plate3,52,E,4,AHT 2564,aht2564,terrestris,aht2564_terrestris,,31.55752,-84.04267,,,nhei,NheI_E,GATACCG,ecori,EcoRI_4,AGCTACACTT
plate3,53,E,5,AHT 2885,aht2885,terrestris,aht2885_terrestris,,32.450895,-86.15934,,,nhei,NheI_E,GATACCG,ecori,EcoRI_5,ACGCATT
plate3,54,E,6,AHT 3413,aht3413,fowleri,aht3413_fowleri,,33.3694,-88.12941,,,nhei,NheI_E,GATACCG,ecori,EcoRI_6,GTATGCAT
plate3,55,E,7,AHT 3419,aht3419,terrestris,aht3419_terrestris,,33.6729,-88.16068,,,nhei,NheI_E,GATACCG,ecori,EcoRI_7,CACATGTCT
plate3,56,E,8,AHT 3421,aht3421,terrestris,aht3421_terrestris,,33.6542,-88.1558,,,nhei,NheI_E,GATACCG,ecori,EcoRI_8,TGTGCACGAT
plate3,57,E,9,AHT 3428,aht3428,terrestris,aht3428_terrestris,,31.12679,-86.54755,,,nhei,NheI_E,GATACCG,ecori,EcoRI_9,GCATCAT
plate3,58,E,10,AHT 3459,aht3459,americanus,aht3459_americanus,,34.88028,-87.71849,,,nhei,NheI_E,GATACCG,ecori,EcoRI_10,ATGCTGTT
plate3,59,E,11,AHT 3460,aht3460,americanus,aht3460_americanus,,33.78013,-85.58421,,,nhei,NheI_E,GATACCG,ecori,EcoRI_11,CATGACCTT
plate3,60,E,12,AHT 3461,aht3461,americanus,aht3461_americanus,,34.88779,-87.74103,,,nhei,NheI_E,GATACCG,ecori,EcoRI_12,TGCAGTGAGT
plate3,61,F,1,AHT 3462,aht3462,americanus,aht3462_americanus,,33.77001,-85.55434,,,nhei,NheI_F,AGCGTTGG,ecori,EcoRI_1,CTAACGT
plate3,62,F,2,AHT 3463,aht3463,americanus,aht3463_americanus,,33.71125,-85.59762,,,nhei,NheI_F,AGCGTTGG,ecori,EcoRI_2,TCGGTACT
plate3,63,F,3,AHT 3658,aht3658,fowleri,aht3658_fowleri,,32.85842,-86.39697,,,nhei,NheI_F,AGCGTTGG,ecori,EcoRI_3,GATCGTTGT
plate3,64,F,4,AHT 3665,aht3665,fowleri,aht3665_fowleri,,32.8122,-86.17698,,,nhei,NheI_F,AGCGTTGG,ecori,EcoRI_4,AGCTACACTT
plate3,65,F,5,AHT 3813,aht3813,terrestris,aht3813_terrestris,,31.13854,-86.53906,,,nhei,NheI_F,AGCGTTGG,ecori,EcoRI_5,ACGCATT
plate3,66,F,6,AHT 3833,aht3833,terrestris,aht3833_terrestris,,31.00422,-85.03427,,,nhei,NheI_F,AGCGTTGG,ecori,EcoRI_6,GTATGCAT
plate3,67,F,7,AHT 3997,aht3997,terrestris,aht3997_terrestris,,32.556071,-88.299749,,,nhei,NheI_F,AGCGTTGG,ecori,EcoRI_7,CACATGTCT
plate3,68,F,8,AHT 3998,aht3998,terrestris,aht3998_terrestris,,32.556071,-88.299749,,,nhei,NheI_F,AGCGTTGG,ecori,EcoRI_8,TGTGCACGAT
plate3,69,F,9,AHT 4373,aht4373,americanus,aht4373_americanus,,38.9491342,-95.3981792,,,nhei,NheI_F,AGCGTTGG,ecori,EcoRI_9,GCATCAT
plate3,70,F,10,AHT 5276,aht5276,terrestris,aht5276_terrestris,,31.556127,-86.825138,,,nhei,NheI_F,AGCGTTGG,ecori,EcoRI_10,ATGCTGTT
plate3,71,F,11,AHT 5277,aht5277,terrestris,aht5277_terrestris,,31.158302,-86.554303,,,nhei,NheI_F,AGCGTTGG,ecori,EcoRI_11,CATGACCTT
plate3,72,F,12,AHT 5278,aht5278,terrestris,aht5278_terrestris,,31.16105,-86.69868,,,nhei,NheI_F,AGCGTTGG,ecori,EcoRI_12,TGCAGTGAGT
plate3,73,G,1,HERA 10025,hera10025,fowleri,hera10025_fowleri,,37.11150607,-84.11811984,,,nhei,NheI_G,CTGCAACTG,ecori,EcoRI_1,CTAACGT
plate3,74,G,2,HERA 10233,hera10233,americanus,hera10233_americanus,,39.86452751,-85.01036538,,,nhei,NheI_G,CTGCAACTG,ecori,EcoRI_2,TCGGTACT
plate3,75,G,3,HERA 10239,hera10239,americanus,hera10239_americanus,,38.99151321,-92.31077915,,,nhei,NheI_G,CTGCAACTG,ecori,EcoRI_3,GATCGTTGT
plate3,76,G,4,HERA 10248,hera10248,americanus,hera10248_americanus,,41.27318745,-73.38973589,,,nhei,NheI_G,CTGCAACTG,ecori,EcoRI_4,AGCTACACTT
plate3,77,G,5,HERA 10255,hera10255,americanus,hera10255_americanus,,37.11150607,-84.11811984,,,nhei,NheI_G,CTGCAACTG,ecori,EcoRI_5,ACGCATT
plate3,78,G,6,HERA 10350,hera10350,americanus,hera10350_americanus,,45.51395705,-69.95928163,,,nhei,NheI_G,CTGCAACTG,ecori,EcoRI_6,GTATGCAT
plate3,79,G,7,HERA 10372,hera10372,americanus,hera10372_americanus,,42.22794785,-79.36759006,,,nhei,NheI_G,CTGCAACTG,ecori,EcoRI_7,CACATGTCT
plate3,80,G,8,HERA 10396,hera10396,fowleri,hera10396_fowleri,,41.80663095,-72.73281062,,,nhei,NheI_G,CTGCAACTG,ecori,EcoRI_8,TGTGCACGAT
plate3,81,G,9,HERA 10484,hera10484,marina,hera10484_marina,,25.61296337,-80.56605548,,,nhei,NheI_G,CTGCAACTG,ecori,EcoRI_9,GCATCAT
plate3,82,G,10,HERA 10493,hera10493,fowleri,hera10493_fowleri,,39.08588343,-75.56843744,,,nhei,NheI_G,CTGCAACTG,ecori,EcoRI_10,ATGCTGTT
plate3,83,G,11,HERA 11976,hera11976,americanus,hera11976_americanus,,43.51819011,-71.42336011,,,nhei,NheI_G,CTGCAACTG,ecori,EcoRI_11,CATGACCTT
plate3,84,G,12,HERA 13722,hera13722,fowleri,hera13722_fowleri,,36.55513857,-89.18928557,,,nhei,NheI_G,CTGCAACTG,ecori,EcoRI_12,TGCAGTGAGT
plate3,85,H,1,HERA 14196,hera14196,retiformis,hera14196_retiformis,,33.34905562,-112.4900993,,,nhei,NheI_H,TCATGGTCAG,ecori,EcoRI_1,CTAACGT
plate3,86,H,2,HERA 14926,hera14926,microscaphus,hera14926_microscaphus,,33.73033021,-113.9807786,,,nhei,NheI_H,TCATGGTCAG,ecori,EcoRI_2,TCGGTACT
plate3,87,H,3,HERA 15787,hera15787,americanus,hera15787_americanus,,38.88546227,-95.29398718,,,nhei,NheI_H,TCATGGTCAG,ecori,EcoRI_3,GATCGTTGT
plate3,88,H,4,HERA 20415,hera20415,woodhousii,hera20415_woodhousii,,34.31742717,-92.9460215,,,nhei,NheI_H,TCATGGTCAG,ecori,EcoRI_4,AGCTACACTT
plate3,89,H,5,HERA 20514,hera20514,fowleri,hera20514_fowleri,,33.95139527,-83.36714651,,,nhei,NheI_H,TCATGGTCAG,ecori,EcoRI_5,ACGCATT
plate3,90,H,6,INHS 16273,inhs16273,americanus,inhs16273_americanus,,42.30245,-89.5595,,,nhei,NheI_H,TCATGGTCAG,ecori,EcoRI_6,GTATGCAT
plate3,91,H,7,INHS 17016,inhs17016,americanus,inhs17016_americanus,,37.46121,-88.18728,,,nhei,NheI_H,TCATGGTCAG,ecori,EcoRI_7,CACATGTCT
plate3,92,H,8,INHS 19127,inhs19127,fowleri,inhs19127_fowleri,,41.58247,-88.07273,,,nhei,NheI_H,TCATGGTCAG,ecori,EcoRI_8,TGTGCACGAT
plate3,93,H,9,INHS 21799,inhs21799,americanus,inhs21799_americanus,,46.0125825,-94.26710338,,,nhei,NheI_H,TCATGGTCAG,ecori,EcoRI_9,GCATCAT
plate3,94,H,10,KAC 062,kac062,punctatus,kac62_punctatus,?,29.4360341,-103.5056372,2018,5,nhei,NheI_H,TCATGGTCAG,ecori,EcoRI_10,ATGCTGTT
plate3,95,H,11,KAC 063,kac063,speciosus,kac63_speciosus,?,29.29522,-103.92916,2018,5,nhei,NheI_H,TCATGGTCAG,ecori,EcoRI_11,CATGACCTT
plate3,96,H,12,KAC 064,kac064,speciosus,kac64_speciosus,?,29.29522,-103.92916,2018,5,nhei,NheI_H,TCATGGTCAG,ecori,EcoRI_12,TGCAGTGAGT