kac_151	CCGAATG	CTAACGT
kac_152	CCGAATG	TCGGTACT
kac_153	CCGAATG	GATCGTTGT
kac_154	CCGAATG	AGCTACACTT
kac_155	CCGAATG	ACGCATT
kac_156	CCGAATG	GTATGCAT
kac_157	CCGAATG	CACATGTCT
kac_158	CCGAATG	TGTGCACGAT
kac_159	CCGAATG	GCATCAT
kac_160	CCGAATG	ATGCTGTT
kac_161	CCGAATG	CATGACCTT
kac_162	CCGAATG	TGCAGTGAGT
kac_163	TTAGGCAG	CTAACGT
kac_164	TTAGGCAG	TCGGTACT
kac_165	TTAGGCAG	GATCGTTGT
kac_166	TTAGGCAG	AGCTACACTT
kac_167	TTAGGCAG	ACGCATT
kac_172	TTAGGCAG	GTATGCAT
kac_173	TTAGGCAG	CACATGTCT
kac_174	TTAGGCAG	TGTGCACGAT
kac_175	TTAGGCAG	GCATCAT
kac_176	TTAGGCAG	ATGCTGTT
kac_177	TTAGGCAG	CATGACCTT
kac_178	TTAGGCAG	TGCAGTGAGT
kac_179	AACTCGTCG	CTAACGT
kac_180	AACTCGTCG	TCGGTACT
kac_181	AACTCGTCG	GATCGTTGT
kac_182	AACTCGTCG	AGCTACACTT
kac_183	AACTCGTCG	ACGCATT
kac_184	AACTCGTCG	GTATGCAT
kac_185	AACTCGTCG	CACATGTCT
kac_186	AACTCGTCG	TGTGCACGAT
kac_187	AACTCGTCG	GCATCAT
kac_188	AACTCGTCG	ATGCTGTT
kac_189	AACTCGTCG	CATGACCTT
kac_190	AACTCGTCG	TGCAGTGAGT
kac_191	GGTCTACGTG	CTAACGT
kac_192	GGTCTACGTG	TCGGTACT
kac_193	GGTCTACGTG	GATCGTTGT
kac_194	GGTCTACGTG	AGCTACACTT
kac_195	GGTCTACGTG	ACGCATT
kac_196	GGTCTACGTG	GTATGCAT
kac_197	GGTCTACGTG	CACATGTCT
kac_198	GGTCTACGTG	TGTGCACGAT
kac_199	GGTCTACGTG	GCATCAT
kac_200	GGTCTACGTG	ATGCTGTT
kac_202	GGTCTACGTG	CATGACCTT
kac_203	GGTCTACGTG	TGCAGTGAGT
kac_204	GATACCG	CTAACGT
kac_205	GATACCG	TCGGTACT
kac_206	GATACCG	GATCGTTGT
kac_207	GATACCG	AGCTACACTT
kac_208	GATACCG	ACGCATT
kac_209	GATACCG	GTATGCAT
kac_210	GATACCG	CACATGTCT
kac_211	GATACCG	TGTGCACGAT
kac_212	GATACCG	GCATCAT
kac_213	GATACCG	ATGCTGTT
kac_214	GATACCG	CATGACCTT
kac_215	GATACCG	TGCAGTGAGT
kac_216	AGCGTTGG	CTAACGT
kac_217	AGCGTTGG	TCGGTACT
kac_218	AGCGTTGG	GATCGTTGT
kac_219	AGCGTTGG	AGCTACACTT
kac_220	AGCGTTGG	ACGCATT
kac_221	AGCGTTGG	GTATGCAT
kac_223	AGCGTTGG	CACATGTCT
kac_224	AGCGTTGG	TGTGCACGAT
kac_225	AGCGTTGG	GCATCAT
kac_226	AGCGTTGG	ATGCTGTT
kac_230	AGCGTTGG	CATGACCTT
kac_232	AGCGTTGG	TGCAGTGAGT
kac_233	CTGCAACTG	CTAACGT
kac_234	CTGCAACTG	TCGGTACT
kac_236	CTGCAACTG	GATCGTTGT
kac_237	CTGCAACTG	AGCTACACTT
kac_238	CTGCAACTG	ACGCATT
kac_239	CTGCAACTG	GTATGCAT
kac_240	CTGCAACTG	CACATGTCT
kac_241	CTGCAACTG	TGTGCACGAT
kac_242	CTGCAACTG	GCATCAT
kac_243	CTGCAACTG	ATGCTGTT
kac_244	CTGCAACTG	CATGACCTT
t_1020	CTGCAACTG	TGCAGTGAGT
t_1030	TCATGGTCAG	CTAACGT
t_2004	TCATGGTCAG	TCGGTACT
t_2040	TCATGGTCAG	GATCGTTGT
t_2043	TCATGGTCAG	AGCTACACTT
t_3040	TCATGGTCAG	ACGCATT
t_2020	TCATGGTCAG	GTATGCAT
t_1040	TCATGGTCAG	CACATGTCT
kac_161	TCATGGTCAG	TGTGCACGAT
kac_187	TCATGGTCAG	GCATCAT
kac_211	TCATGGTCAG	ATGCTGTT
kac_221	TCATGGTCAG	CATGACCTT
kac_232	TCATGGTCAG	TGCAGTGAGT
