kac2018021701	CCGAATG	CTAACGT
kac2018021704	CCGAATG	TCGGTACT
kac2018021705	CCGAATG	GATCGTTGT
kac2018021706	CCGAATG	AGCTACACTT
kac2018021707	CCGAATG	ACGCATT
kac201803101	CCGAATG	GTATGCAT
kac201803102	CCGAATG	CACATGTCT
kac201803103	CCGAATG	TGTGCACGAT
kac201803104	CCGAATG	GCATCAT
kac201803105	CCGAATG	ATGCTGTT
kac201808181	CCGAATG	CATGACCTT
kac201808182	CCGAATG	TGCAGTGAGT
kac201808183	TTAGGCAG	CTAACGT
kac201808184	TTAGGCAG	TCGGTACT
kac201908251	TTAGGCAG	GATCGTTGT
kac201908252	TTAGGCAG	AGCTACACTT
msb75646	TTAGGCAG	ACGCATT
msb92689	TTAGGCAG	GTATGCAT
msb92691	TTAGGCAG	CACATGTCT
msb92692	TTAGGCAG	TGTGCACGAT
msb96528	TTAGGCAG	GCATCAT
msb98058	TTAGGCAG	ATGCTGTT
msb98065	TTAGGCAG	CATGACCTT
msb100793	TTAGGCAG	TGCAGTGAGT
msb100800	AACTCGTCG	CTAACGT
msb100913	AACTCGTCG	TCGGTACT
msb104548	AACTCGTCG	GATCGTTGT
msb104570	AACTCGTCG	AGCTACACTT
msb104571	AACTCGTCG	ACGCATT
msb104608	AACTCGTCG	GTATGCAT
msb104644	AACTCGTCG	CACATGTCT
msb104677	AACTCGTCG	TGTGCACGAT
msb104681	AACTCGTCG	GCATCAT
msb104731	AACTCGTCG	ATGCTGTT
utep18705	AACTCGTCG	CATGACCTT
utep19941	AACTCGTCG	TGCAGTGAGT
utep19943	GGTCTACGTG	CTAACGT
utep19947	GGTCTACGTG	TCGGTACT
utep20105	GGTCTACGTG	GATCGTTGT
utep20482	GGTCTACGTG	AGCTACACTT
utep20921	GGTCTACGTG	ACGCATT
utep21284	GGTCTACGTG	GTATGCAT
utep21286	GGTCTACGTG	CACATGTCT
utep21724	GGTCTACGTG	TGTGCACGAT
utep21881	GGTCTACGTG	GCATCAT
utep21884	GGTCTACGTG	ATGCTGTT
utep21885	GGTCTACGTG	CATGACCTT
utep21886	GGTCTACGTG	TGCAGTGAGT
aht1975	GATACCG	CTAACGT
aht2456	GATACCG	TCGGTACT
aht2544	GATACCG	GATCGTTGT
aht2564	GATACCG	AGCTACACTT
aht2885	GATACCG	ACGCATT
aht3413	GATACCG	GTATGCAT
aht3419	GATACCG	CACATGTCT
aht3421	GATACCG	TGTGCACGAT
aht3428	GATACCG	GCATCAT
aht3459	GATACCG	ATGCTGTT
aht3460	GATACCG	CATGACCTT
aht3461	GATACCG	TGCAGTGAGT
aht3462	AGCGTTGG	CTAACGT
aht3463	AGCGTTGG	TCGGTACT
aht3658	AGCGTTGG	GATCGTTGT
aht3665	AGCGTTGG	AGCTACACTT
aht3813	AGCGTTGG	ACGCATT
aht3833	AGCGTTGG	GTATGCAT
aht3997	AGCGTTGG	CACATGTCT
aht3998	AGCGTTGG	TGTGCACGAT
aht4373	AGCGTTGG	GCATCAT
aht5276	AGCGTTGG	ATGCTGTT
aht5277	AGCGTTGG	CATGACCTT
aht5278	AGCGTTGG	TGCAGTGAGT
hera10025	CTGCAACTG	CTAACGT
hera10233	CTGCAACTG	TCGGTACT
hera10239	CTGCAACTG	GATCGTTGT
hera10248	CTGCAACTG	AGCTACACTT
hera10255	CTGCAACTG	ACGCATT
hera10350	CTGCAACTG	GTATGCAT
hera10372	CTGCAACTG	CACATGTCT
hera10396	CTGCAACTG	TGTGCACGAT
hera10484	CTGCAACTG	GCATCAT
hera10493	CTGCAACTG	ATGCTGTT
hera11976	CTGCAACTG	CATGACCTT
hera13722	CTGCAACTG	TGCAGTGAGT
hera14196	TCATGGTCAG	CTAACGT
hera14926	TCATGGTCAG	TCGGTACT
hera15787	TCATGGTCAG	GATCGTTGT
hera20415	TCATGGTCAG	AGCTACACTT
hera20514	TCATGGTCAG	ACGCATT
inhs16273	TCATGGTCAG	GTATGCAT
inhs17016	TCATGGTCAG	CACATGTCT
inhs19127	TCATGGTCAG	TGTGCACGAT
inhs21799	TCATGGTCAG	GCATCAT
kac062	TCATGGTCAG	ATGCTGTT
kac063	TCATGGTCAG	CATGACCTT
kac064	TCATGGTCAG	TGCAGTGAGT
