CCGAATG	CTAACGT	kac_16
CCGAATG	TCGGTACT	kac_38
CCGAATG	GATCGTTGT	kac_39
CCGAATG	AGCTACACTT	kac_40
CCGAATG	ACGCATT	t_2015
CCGAATG	GTATGCAT	kac_42
CCGAATG	CACATGTCT	kac_43
CCGAATG	TGTGCACGAT	kac_44
CCGAATG	GCATCAT	kac_45
CCGAATG	ATGCTGTT	kac_46
CCGAATG	CATGACCTT	kac_47
CCGAATG	TGCAGTGAGT	kac_48
TTAGGCAG	CTAACGT	kac_49
TTAGGCAG	TCGGTACT	kac_50
TTAGGCAG	GATCGTTGT	kac_51
TTAGGCAG	AGCTACACTT	kac_52
TTAGGCAG	ACGCATT	kac_53
TTAGGCAG	GTATGCAT	kac_65
TTAGGCAG	CACATGTCT	kac_66
TTAGGCAG	TGTGCACGAT	kac_67
TTAGGCAG	GCATCAT	kac_70
TTAGGCAG	ATGCTGTT	kac_71
TTAGGCAG	CATGACCTT	kac_74
TTAGGCAG	TGCAGTGAGT	kac_75
AACTCGTCG	CTAACGT	kac_76
AACTCGTCG	TCGGTACT	kac_77
AACTCGTCG	GATCGTTGT	kac_78
AACTCGTCG	AGCTACACTT	kac_79
AACTCGTCG	ACGCATT	kac_80
AACTCGTCG	GTATGCAT	kac_81
AACTCGTCG	CACATGTCT	kac_82
AACTCGTCG	TGTGCACGAT	kac_83
AACTCGTCG	GCATCAT	kac_84
AACTCGTCG	ATGCTGTT	kac_85
AACTCGTCG	CATGACCTT	kac_86
AACTCGTCG	TGCAGTGAGT	kac_87
GGTCTACGTG	CTAACGT	kac_60
GGTCTACGTG	TCGGTACT	kac_89
GGTCTACGTG	GATCGTTGT	kac_90
GGTCTACGTG	AGCTACACTT	kac_91
GGTCTACGTG	ACGCATT	kac_92
GGTCTACGTG	GTATGCAT	kac_93
GGTCTACGTG	CACATGTCT	kac_94
GGTCTACGTG	TGTGCACGAT	kac_95
GGTCTACGTG	GCATCAT	kac_96
GGTCTACGTG	ATGCTGTT	kac_97
GGTCTACGTG	CATGACCTT	kac_98
GGTCTACGTG	TGCAGTGAGT	kac_99
GATACCG	CTAACGT	kac_100
GATACCG	TCGGTACT	kac_101
GATACCG	GATCGTTGT	kac_102
GATACCG	AGCTACACTT	kac_103
GATACCG	ACGCATT	kac_104
GATACCG	GTATGCAT	kac_105
GATACCG	CACATGTCT	kac_106
GATACCG	TGTGCACGAT	kac_107
GATACCG	GCATCAT	kac_108
GATACCG	ATGCTGTT	kac_109
GATACCG	CATGACCTT	kac_110
GATACCG	TGCAGTGAGT	kac_111
AGCGTTGG	CTAACGT	kac_112
AGCGTTGG	TCGGTACT	kac_113
AGCGTTGG	GATCGTTGT	kac_114
AGCGTTGG	AGCTACACTT	kac_115
AGCGTTGG	ACGCATT	kac_116
AGCGTTGG	GTATGCAT	kac_117
AGCGTTGG	CACATGTCT	kac_121
AGCGTTGG	TGTGCACGAT	kac_122
AGCGTTGG	GCATCAT	kac_123
AGCGTTGG	ATGCTGTT	kac_124
AGCGTTGG	CATGACCTT	kac_125
AGCGTTGG	TGCAGTGAGT	kac_126
CTGCAACTG	CTAACGT	kac_127
CTGCAACTG	TCGGTACT	kac_128
CTGCAACTG	GATCGTTGT	kac_129
CTGCAACTG	AGCTACACTT	kac_130
CTGCAACTG	ACGCATT	kac_131
CTGCAACTG	GTATGCAT	kac_132
CTGCAACTG	CACATGTCT	kac_133
CTGCAACTG	TGTGCACGAT	kac_134
CTGCAACTG	GCATCAT	kac_135
CTGCAACTG	ATGCTGTT	kac_136
CTGCAACTG	CATGACCTT	kac_137
CTGCAACTG	TGCAGTGAGT	kac_138
TCATGGTCAG	CTAACGT	kac_139
TCATGGTCAG	TCGGTACT	kac_140
TCATGGTCAG	GATCGTTGT	kac_141
TCATGGTCAG	AGCTACACTT	kac_142
TCATGGTCAG	ACGCATT	kac_143
TCATGGTCAG	GTATGCAT	kac_144
TCATGGTCAG	CACATGTCT	kac_145
TCATGGTCAG	TGTGCACGAT	kac_146
TCATGGTCAG	GCATCAT	kac_147
TCATGGTCAG	ATGCTGTT	kac_148
TCATGGTCAG	CATGACCTT	kac_149
TCATGGTCAG	TGCAGTGAGT	kac_150
