plate_id,plate_index,row,column,proj_id,id,genbank,sample_id,phylo,phylo-phycoeval,phylo-structure,hyb-zone,hyb-zone-pass,loaned,genus,species,rename,,sex,latitude,longitude,year,month,read1_enzyme,read1_barcode_id,read1_barcode_sequence,read2_enzyme,read2_barcode_id,read2_barcode_sequence
plate3,49,E,1,p001,AUHT 1975,,aht1975,,,,X,X,X,Anaxyrus,americanus,aht1975_americanus,,,32.77356389,-85.53325,,,nhei,NheI_E,GATACCG,ecori,EcoRI_1,CTAACGT
plate3,50,E,2,p002,AUHT 2456,,aht2456,,,,X,X,X,Anaxyrus,terrestris,aht2456_terrestris,,,32.194943,-89.236288,,,nhei,NheI_E,GATACCG,ecori,EcoRI_2,TCGGTACT
plate3,51,E,3,p003,AUHT 2544,,aht2544,X,X,,,,X,Anaxyrus,quercicus,aht2544_quercicus,,,30.99523,-86.23332,,,nhei,NheI_E,GATACCG,ecori,EcoRI_3,GATCGTTGT
plate3,52,E,4,p004,AUHT 2564,,aht2564,X,X,X,,,X,Anaxyrus,terrestris,aht2564_terrestris,,,31.55752,-84.04267,,,nhei,NheI_E,GATACCG,ecori,EcoRI_4,AGCTACACTT
plate3,53,E,5,p005,AUHT 2885,,aht2885,,,,X,X,X,Anaxyrus,terrestris,aht2885_terrestris,,,32.450895,-86.15934,,,nhei,NheI_E,GATACCG,ecori,EcoRI_5,ACGCATT
plate3,54,E,6,p006,AUHT 3413,,aht3413,X,,X,,,X,Anaxyrus,fowleri,aht3413_fowleri,,,33.3694,-88.12941,,,nhei,NheI_E,GATACCG,ecori,EcoRI_6,GTATGCAT
plate3,55,E,7,p007,AUHT 3419,,aht3419,,,,X,X,X,Anaxyrus,terrestris,aht3419_terrestris,,,33.6729,-88.16068,,,nhei,NheI_E,GATACCG,ecori,EcoRI_7,CACATGTCT
plate3,56,E,8,p008,AUHT 3421,,aht3421,,,,X,X,X,Anaxyrus,terrestris,aht3421_terrestris,,,33.6542,-88.1558,,,nhei,NheI_E,GATACCG,ecori,EcoRI_8,TGTGCACGAT
plate3,57,E,9,p009,AUHT 3428,,aht3428,X,,X,X,X,X,Anaxyrus,terrestris,aht3428_terrestris,,,31.12679,-86.54755,,,nhei,NheI_E,GATACCG,ecori,EcoRI_9,GCATCAT
plate3,58,E,10,p010,AUHT 3459,,aht3459,X,,X,X,X,X,Anaxyrus,americanus,aht3459_americanus,,,34.88028,-87.71849,,,nhei,NheI_E,GATACCG,ecori,EcoRI_10,ATGCTGTT
plate3,59,E,11,p011,AUHT 3460,,aht3460,X,,X,X,X,X,Anaxyrus,americanus,aht3460_americanus,,,33.78013,-85.58421,,,nhei,NheI_E,GATACCG,ecori,EcoRI_11,CATGACCTT
plate3,60,E,12,p012,AUHT 3461,,aht3461,X,,X,X,X,X,Anaxyrus,americanus,aht3461_americanus,,,34.88779,-87.74103,,,nhei,NheI_E,GATACCG,ecori,EcoRI_12,TGCAGTGAGT
plate3,61,F,1,p013,AUHT 3462,,aht3462,X,,X,X,X,X,Anaxyrus,americanus,aht3462_americanus,,,33.77001,-85.55434,,,nhei,NheI_F,AGCGTTGG,ecori,EcoRI_1,CTAACGT
plate3,62,F,2,p014,AUHT 3463,,aht3463,X,,X,X,X,X,Anaxyrus,americanus,aht3463_americanus,,,33.71125,-85.59762,,,nhei,NheI_F,AGCGTTGG,ecori,EcoRI_2,TCGGTACT
plate3,63,F,3,p015,AUHT 3658,,aht3658,X,,X,,,X,Anaxyrus,fowleri,aht3658_fowleri,,,32.85842,-86.39697,,,nhei,NheI_F,AGCGTTGG,ecori,EcoRI_3,GATCGTTGT
plate3,64,F,4,p016,AUHT 3665,,aht3665,X,,X,,,X,Anaxyrus,fowleri,aht3665_fowleri,,,32.8122,-86.17698,,,nhei,NheI_F,AGCGTTGG,ecori,EcoRI_4,AGCTACACTT
plate3,65,F,5,p017,AUHT 3813,,aht3813,X,,,X,,X,Anaxyrus,terrestris,aht3813_terrestris,,,31.13854,-86.53906,,,nhei,NheI_F,AGCGTTGG,ecori,EcoRI_5,ACGCATT
plate3,66,F,6,p018,AUHT 3833,,aht3833,X,,X,X,X,X,Anaxyrus,terrestris,aht3833_terrestris,,,31.00422,-85.03427,,,nhei,NheI_F,AGCGTTGG,ecori,EcoRI_6,GTATGCAT
plate3,67,F,7,p019,AUHT 3997,,aht3997,,,,X,X,X,Anaxyrus,terrestris,aht3997_terrestris,,,32.556071,-88.299749,,,nhei,NheI_F,AGCGTTGG,ecori,EcoRI_7,CACATGTCT
plate3,68,F,8,p020,AUHT 3998,,aht3998,,,,X,X,X,Anaxyrus,terrestris,aht3998_terrestris,,,32.556071,-88.299749,,,nhei,NheI_F,AGCGTTGG,ecori,EcoRI_8,TGTGCACGAT
plate3,69,F,9,p021,AUHT 4373,,aht4373,X,,X,,,X,Anaxyrus,americanus,aht4373_americanus,,,38.9491342,-95.3981792,,,nhei,NheI_F,AGCGTTGG,ecori,EcoRI_9,GCATCAT
plate3,70,F,10,p022,AUHT 5276,,aht5276,X,,,X,,X,Anaxyrus,terrestris,aht5276_terrestris,,,31.556127,-86.825138,,,nhei,NheI_F,AGCGTTGG,ecori,EcoRI_10,ATGCTGTT
plate3,71,F,11,p023,AUHT 5277,,aht5277,X,,X,X,X,X,Anaxyrus,terrestris,aht5277_terrestris,,,31.158302,-86.554303,,,nhei,NheI_F,AGCGTTGG,ecori,EcoRI_11,CATGACCTT
plate3,72,F,12,p024,AUHT 5278,,aht5278,X,,X,X,X,X,Anaxyrus,terrestris,aht5278_terrestris,,,31.16105,-86.69868,,,nhei,NheI_F,AGCGTTGG,ecori,EcoRI_12,TGCAGTGAGT
plate3,73,G,1,p025,HERA 10025,,hera10025,X,X,X,,,X,Anaxyrus,fowleri,hera10025_fowleri,,,37.11150607,-84.11811984,,,nhei,NheI_G,CTGCAACTG,ecori,EcoRI_1,CTAACGT
plate3,74,G,2,p026,HERA 10233,,hera10233,X,X,X,,,X,Anaxyrus,americanus,hera10233_americanus,,,39.86452751,-85.01036538,,,nhei,NheI_G,CTGCAACTG,ecori,EcoRI_2,TCGGTACT
plate3,75,G,3,p027,HERA 10239,,hera10239,X,,X,,,X,Anaxyrus,americanus,hera10239_americanus,,,38.99151321,-92.31077915,,,nhei,NheI_G,CTGCAACTG,ecori,EcoRI_3,GATCGTTGT
plate3,76,G,4,p028,HERA 10248,,hera10248,X,,X,,,X,Anaxyrus,americanus,hera10248_americanus,,,41.27318745,-73.38973589,,,nhei,NheI_G,CTGCAACTG,ecori,EcoRI_4,AGCTACACTT
plate3,77,G,5,p029,HERA 10255,,hera10255,X,,X,,,X,Anaxyrus,americanus,hera10255_americanus,,,37.11150607,-84.11811984,,,nhei,NheI_G,CTGCAACTG,ecori,EcoRI_5,ACGCATT
plate3,78,G,6,p030,HERA 10350,,hera10350,X,X,X,,,X,Anaxyrus,americanus,hera10350_americanus,,,45.51395705,-69.95928163,,,nhei,NheI_G,CTGCAACTG,ecori,EcoRI_6,GTATGCAT
plate3,79,G,7,p031,HERA 10372,,hera10372,X,,X,,,X,Anaxyrus,americanus,hera10372_americanus,,,42.22794785,-79.36759006,,,nhei,NheI_G,CTGCAACTG,ecori,EcoRI_7,CACATGTCT
plate3,80,G,8,p032,HERA 10396,,hera10396,X,X,X,,,X,Anaxyrus,fowleri,hera10396_fowleri,,,41.80663095,-72.73281062,,,nhei,NheI_G,CTGCAACTG,ecori,EcoRI_8,TGTGCACGAT
plate3,81,G,9,p033,HERA 10484,,hera10484,X,,,,,X,Anaxyrus,marina,hera10484_marina,,,25.61296337,-80.56605548,,,nhei,NheI_G,CTGCAACTG,ecori,EcoRI_9,GCATCAT
plate3,82,G,10,p034,HERA 10493,,hera10493,X,X,X,,,X,Anaxyrus,fowleri,hera10493_fowleri,,,39.08588343,-75.56843744,,,nhei,NheI_G,CTGCAACTG,ecori,EcoRI_10,ATGCTGTT
plate3,83,G,11,p035,HERA 11976,,hera11976,X,,X,,,X,Anaxyrus,americanus,hera11976_americanus,,,43.51819011,-71.42336011,,,nhei,NheI_G,CTGCAACTG,ecori,EcoRI_11,CATGACCTT
plate3,84,G,12,p036,HERA 13722,,hera13722,X,,,,,X,Anaxyrus,fowleri,hera13722_fowleri,,,36.55513857,-89.18928557,,,nhei,NheI_G,CTGCAACTG,ecori,EcoRI_12,TGCAGTGAGT
plate3,85,H,1,p037,HERA 14196,,hera14196,X,,,,,X,Anaxyrus,retiformis,hera14196_retiformis,,,33.34905562,-112.4900993,,,nhei,NheI_H,TCATGGTCAG,ecori,EcoRI_1,CTAACGT
plate3,86,H,2,p038,HERA 14926,,hera14926,X,,,,,X,Anaxyrus,microscaphus,hera14926_microscaphus,,,33.73033021,-113.9807786,,,nhei,NheI_H,TCATGGTCAG,ecori,EcoRI_2,TCGGTACT
plate3,87,H,3,p039,HERA 15787,,hera15787,X,X,X,,,X,Anaxyrus,americanus,hera15787_americanus,,,38.88546227,-95.29398718,,,nhei,NheI_H,TCATGGTCAG,ecori,EcoRI_3,GATCGTTGT
plate3,88,H,4,p040,HERA 20415,,hera20415,X,X,X,,,X,Anaxyrus,woodhousii,hera20415_woodhousii,,,34.31742717,-92.9460215,,,nhei,NheI_H,TCATGGTCAG,ecori,EcoRI_4,AGCTACACTT
plate3,89,H,5,p041,HERA 20514,,hera20514,X,,X,,,X,Anaxyrus,fowleri,hera20514_fowleri,,,33.95139527,-83.36714651,,,nhei,NheI_H,TCATGGTCAG,ecori,EcoRI_5,ACGCATT
plate3,90,H,6,p042,INHS 16273,,inhs16273,X,,X,,,X,Anaxyrus,americanus,inhs16273_americanus,,,42.30245,-89.5595,,,nhei,NheI_H,TCATGGTCAG,ecori,EcoRI_6,GTATGCAT
plate3,91,H,7,p043,INHS 17016,,inhs17016,X,,X,,,X,Anaxyrus,americanus,inhs17016_americanus,,,37.46121,-88.18728,,,nhei,NheI_H,TCATGGTCAG,ecori,EcoRI_7,CACATGTCT
plate3,92,H,8,p044,INHS 19127,,inhs19127,X,,,,,X,Anaxyrus,fowleri,inhs19127_fowleri,,,41.58247,-88.07273,,,nhei,NheI_H,TCATGGTCAG,ecori,EcoRI_8,TGTGCACGAT
plate3,93,H,9,p045,INHS 21799,,inhs21799,X,,X,,,X,Anaxyrus,americanus,inhs21799_americanus,,,46.0125825,-94.26710338,,,nhei,NheI_H,TCATGGTCAG,ecori,EcoRI_9,GCATCAT
plate1,1,A,1,p046,AUHT 7962,,kac016,X,,X,X,X,,Anaxyrus,terrestris,kac016_terrestris,,?,30.548191,-86.930668,2018,5,nhei,NheI_A,CCGAATG,ecori,EcoRI_1,CTAACGT
plate1,2,A,2,p047,AUHT 7974,,kac038,,,,X,X,,Anaxyrus,terrestris,kac38_terrestris,,f,32.814696,-86.939677,2018,5,nhei,NheI_A,CCGAATG,ecori,EcoRI_2,TCGGTACT
plate1,3,A,3,p048,AUHT 7975,,kac039,,,,X,X,,Anaxyrus,terrestris,kac39_terrestris,,m,32.810938,-86.989673,2018,5,nhei,NheI_A,CCGAATG,ecori,EcoRI_3,GATCGTTGT
plate1,4,A,4,p049,AUHT 7976,,kac040,,,,X,X,,Anaxyrus,terrestris,kac40_terrestris,,f,32.809854,-86.997946,2018,5,nhei,NheI_A,CCGAATG,ecori,EcoRI_4,AGCTACACTT
plate1,6,A,6,p050,AUHT 7978,,kac042,,,,X,,,Anaxyrus,terrestris,kac42_terrestris,,f,32.824061,-86.993138,2018,5,nhei,NheI_A,CCGAATG,ecori,EcoRI_6,GTATGCAT
plate1,7,A,7,p051,AUHT 7979,,kac043,,,,X,,,Anaxyrus,terrestris,kac43_terrestris,,j,32.824061,-86.993138,2018,5,nhei,NheI_A,CCGAATG,ecori,EcoRI_7,CACATGTCT
plate1,8,A,8,p052,AUHT 7980,,kac044,,,,X,,,Anaxyrus,terrestris,kac44_terrestris,,m,32.804496,-87.030779,2018,5,nhei,NheI_A,CCGAATG,ecori,EcoRI_8,TGTGCACGAT
plate1,9,A,9,p053,AUHT 7981,,kac045,,,,X,,,Anaxyrus,terrestris,kac45_terrestris,,f,32.767027,-87.070731,2018,5,nhei,NheI_A,CCGAATG,ecori,EcoRI_9,GCATCAT
plate1,10,A,10,p054,AUHT 7982,,kac046,,,,X,,,Anaxyrus,terrestris,kac46_terrestris,,f,32.765918,-87.071843,2018,5,nhei,NheI_A,CCGAATG,ecori,EcoRI_10,ATGCTGTT
plate1,11,A,11,p055,AUHT 7983,,kac047,,,,X,,,Anaxyrus,terrestris,kac47_terrestris,,f,32.78932,-86.908503,2018,5,nhei,NheI_A,CCGAATG,ecori,EcoRI_11,CATGACCTT
plate1,12,A,12,p056,AUHT 7984,,kac048,,,,X,X,,Anaxyrus,terrestris,kac48_terrestris,,m,32.735748,-86.881494,2018,5,nhei,NheI_A,CCGAATG,ecori,EcoRI_12,TGCAGTGAGT
plate1,13,B,1,p057,AUHT 7985,,kac049,,,,X,X,,Anaxyrus,terrestris,kac49_terrestris,,f,32.732909,-86.877073,2018,5,nhei,NheI_B,TTAGGCAG,ecori,EcoRI_1,CTAACGT
plate1,14,B,2,p058,AUHT 7986,,kac050,,,,X,,,Anaxyrus,terrestris,kac50_terrestris,,f,32.748216,-86.798059,2018,5,nhei,NheI_B,TTAGGCAG,ecori,EcoRI_2,TCGGTACT
plate1,15,B,3,p059,AUHT 7987,,kac051,,,,X,,,Anaxyrus,terrestris,kac51_terrestris,,m,32.787421,-86.758471,2018,5,nhei,NheI_B,TTAGGCAG,ecori,EcoRI_3,GATCGTTGT
plate1,16,B,4,p060,AUHT 7988,,kac052,,,,X,,,Anaxyrus,terrestris,kac52_terrestris,,j,32.780439,-86.73877,2018,5,nhei,NheI_B,TTAGGCAG,ecori,EcoRI_4,AGCTACACTT
plate1,17,B,5,p061,AUHT 7989,,kac053,X,,,,,,Anaxyrus,fowleri,kac53_fowleri,,j,32.780439,-86.73877,2018,5,nhei,NheI_B,TTAGGCAG,ecori,EcoRI_5,ACGCATT
plate1,37,D,1,p062,AUHT 7996,,kac060,X,,,,,,Anaxyrus,speciosus,kac60_speciosus,,?,27.691851,-99.719553,2018,6,nhei,NheI_D,GGTCTACGTG,ecori,EcoRI_1,CTAACGT
plate3,94,H,10,p063,AUHT 7998,,kac062,X,,,,,,Anaxyrus,punctatus,kac62_punctatus,,?,29.4360341,-103.5056372,2018,5,nhei,NheI_H,TCATGGTCAG,ecori,EcoRI_10,ATGCTGTT
plate3,95,H,11,p064,AUHT 7999,,kac063,X,,,,,,Anaxyrus,speciosus,kac63_speciosus,,?,29.29522,-103.92916,2018,5,nhei,NheI_H,TCATGGTCAG,ecori,EcoRI_11,CATGACCTT
plate3,96,H,12,p065,AUHT 8000,,kac064,X,,,,,,Anaxyrus,speciosus,kac64_speciosus,,?,29.29522,-103.92916,2018,5,nhei,NheI_H,TCATGGTCAG,ecori,EcoRI_12,TGCAGTGAGT
plate1,18,B,6,p066,AUHT 8001,,kac065,X,,,,,,Anaxyrus,terrestris,kac65_terrestris,,j,30.432818,-81.640876,2018,8,nhei,NheI_B,TTAGGCAG,ecori,EcoRI_6,GTATGCAT
plate1,19,B,7,p067,AUHT 8002,,kac066,X,,,,,,Anaxyrus,terrestris,kac66_terrestris,,j,30.432818,-81.640876,2018,8,nhei,NheI_B,TTAGGCAG,ecori,EcoRI_7,CACATGTCT
plate1,20,B,8,p068,AUHT 8003,,kac067,X,,,,,,Anaxyrus,terrestris,kac67_terrestris,,j,30.432818,-81.640876,2018,8,nhei,NheI_B,TTAGGCAG,ecori,EcoRI_8,TGTGCACGAT
plate1,21,B,9,p069,AUHT 8006,,kac070,X,,X,X,X,,Anaxyrus,americanus,kac70_americanus,,f,34.799628,-84.576776,2018,9,nhei,NheI_B,TTAGGCAG,ecori,EcoRI_9,GCATCAT
plate1,22,B,10,p070,AUHT 8007,,kac071,,,,X,,,Anaxyrus,terrestris,kac71_terrestris,,m,32.434779,-85.6463,2018,10,nhei,NheI_B,TTAGGCAG,ecori,EcoRI_10,ATGCTGTT
plate1,23,B,11,p071,AUHT 8010,,kac074,X,,X,X,X,,Anaxyrus,terrestris,kac74_terrestris,,j,30.7743,-85.2269,2018,11,nhei,NheI_B,TTAGGCAG,ecori,EcoRI_11,CATGACCTT
plate1,24,B,12,p072,AUHT 8011,,kac075,,,,X,X,,Anaxyrus,terrestris,kac75_terrestris,,m,32.94778,-86.632244,2019,2,nhei,NheI_B,TTAGGCAG,ecori,EcoRI_12,TGCAGTGAGT
plate1,25,C,1,p073,AUHT 8012,,kac076,,,,X,,,Anaxyrus,terrestris,kac76_terrestris,,m,32.949704,-86.526874,2019,2,nhei,NheI_C,AACTCGTCG,ecori,EcoRI_1,CTAACGT
plate1,26,C,2,p074,AUHT 8013,,kac077,,,,X,,,Anaxyrus,terrestris,kac77_terrestris,,m,32.949704,-86.526874,2019,2,nhei,NheI_C,AACTCGTCG,ecori,EcoRI_2,TCGGTACT
plate1,27,C,3,p075,AUHT 8014,,kac078,,,,X,X,,Anaxyrus,americanus,kac78_americanus,,m,33.002665,-86.389597,2019,2,nhei,NheI_C,AACTCGTCG,ecori,EcoRI_3,GATCGTTGT
plate1,28,C,4,p076,AUHT 8015,,kac079,,,,X,,,Anaxyrus,americanus,kac79_americanus,,m,33.012055,-86.478723,2019,2,nhei,NheI_C,AACTCGTCG,ecori,EcoRI_4,AGCTACACTT
plate1,29,C,5,p077,AUHT 8016,,kac080,,,,X,,,Anaxyrus,americanus,kac80_americanus,,m,33.044558,-86.455469,2019,2,nhei,NheI_C,AACTCGTCG,ecori,EcoRI_5,ACGCATT
plate1,30,C,6,p078,AUHT 8017,,kac081,,,,X,X,,Anaxyrus,americanus,kac81_americanus,,f,33.044558,-86.455469,2019,2,nhei,NheI_C,AACTCGTCG,ecori,EcoRI_6,GTATGCAT
plate1,31,C,7,p079,AUHT 8018,,kac082,,,,X,X,,Anaxyrus,americanus,kac82_americanus,,m,33.044558,-86.455469,2019,2,nhei,NheI_C,AACTCGTCG,ecori,EcoRI_7,CACATGTCT
plate1,32,C,8,p080,AUHT 8019,,kac083,,,,X,X,,Anaxyrus,americanus,kac83_americanus,,m,33.044558,-86.455469,2019,2,nhei,NheI_C,AACTCGTCG,ecori,EcoRI_8,TGTGCACGAT
plate1,33,C,9,p081,AUHT 8020,,kac084,,,,X,X,,Anaxyrus,americanus,kac84_americanus,,m,33.044558,-86.455469,2019,2,nhei,NheI_C,AACTCGTCG,ecori,EcoRI_9,GCATCAT
plate1,34,C,10,p082,AUHT 8021,,kac085,,,,X,,,Anaxyrus,americanus,kac85_americanus,,m,33.044558,-86.455469,2019,2,nhei,NheI_C,AACTCGTCG,ecori,EcoRI_10,ATGCTGTT
plate1,35,C,11,p083,AUHT 8022,,kac086,,,,X,X,,Anaxyrus,americanus,kac86_americanus,,m,33.044558,-86.455469,2019,2,nhei,NheI_C,AACTCGTCG,ecori,EcoRI_11,CATGACCTT
plate1,36,C,12,p084,AUHT 8023,,kac087,,,,X,X,,Anaxyrus,americanus,kac87_americanus,,m,33.014843,-86.390403,2019,2,nhei,NheI_C,AACTCGTCG,ecori,EcoRI_12,TGCAGTGAGT
plate1,38,D,2,p085,AUHT 8025,,kac089,,,,X,X,,Anaxyrus,americanus,kac89_americanus,,m,33.014843,-86.390403,2019,2,nhei,NheI_D,GGTCTACGTG,ecori,EcoRI_2,TCGGTACT
plate1,39,D,3,p086,AUHT 8026,,kac090,,,,X,X,,Anaxyrus,americanus,kac90_americanus,,m,33.064717,-86.474958,2019,2,nhei,NheI_D,GGTCTACGTG,ecori,EcoRI_3,GATCGTTGT
plate1,40,D,4,p087,AUHT 8027,,kac091,,,,X,X,,Anaxyrus,americanus,kac91_americanus,,f,33.064717,-86.474958,2019,2,nhei,NheI_D,GGTCTACGTG,ecori,EcoRI_4,AGCTACACTT
plate1,41,D,5,p088,AUHT 8028,,kac092,,,,X,,,Anaxyrus,americanus,kac92_americanus,,m,33.064717,-86.474958,2019,2,nhei,NheI_D,GGTCTACGTG,ecori,EcoRI_5,ACGCATT
plate1,42,D,6,p089,AUHT 8029,,kac093,,,,X,X,,Anaxyrus,americanus,kac93_americanus,,m,33.064717,-86.474958,2019,2,nhei,NheI_D,GGTCTACGTG,ecori,EcoRI_6,GTATGCAT
plate1,43,D,7,p090,AUHT 8030,,kac094,,,,X,X,,Anaxyrus,americanus,kac94_americanus,,m,33.064717,-86.474958,2019,2,nhei,NheI_D,GGTCTACGTG,ecori,EcoRI_7,CACATGTCT
plate1,44,D,8,p091,AUHT 8031,,kac095,,,,X,X,,Anaxyrus,americanus,kac95_americanus,,m,33.064717,-86.474958,2019,2,nhei,NheI_D,GGTCTACGTG,ecori,EcoRI_8,TGTGCACGAT
plate1,45,D,9,p092,AUHT 8032,,kac096,,,,X,X,,Anaxyrus,americanus,kac96_americanus,,m,33.064717,-86.474958,2019,2,nhei,NheI_D,GGTCTACGTG,ecori,EcoRI_9,GCATCAT
plate1,46,D,10,p093,AUHT 8033,,kac097,,,,X,X,,Anaxyrus,americanus,kac97_americanus,,f,33.064717,-86.474958,2019,2,nhei,NheI_D,GGTCTACGTG,ecori,EcoRI_10,ATGCTGTT
plate1,47,D,11,p094,AUHT 8034,,kac098,,,,X,X,,Anaxyrus,americanus,kac98_americanus,,f,33.025724,-86.467107,2019,2,nhei,NheI_D,GGTCTACGTG,ecori,EcoRI_11,CATGACCTT
plate1,48,D,12,p095,AUHT 8035,,kac099,,,,X,X,,Anaxyrus,americanus,kac99_americanus,,f,33.025724,-86.467107,2019,2,nhei,NheI_D,GGTCTACGTG,ecori,EcoRI_12,TGCAGTGAGT
plate1,49,E,1,p096,AUHT 8036,,kac100,,,,X,X,,Anaxyrus,terrestris,kac100_terrestris,,m,32.923743,-86.671995,2019,2,nhei,NheI_E,GATACCG,ecori,EcoRI_1,CTAACGT
plate1,50,E,2,p097,AUHT 8037,,kac101,,,,X,X,,Anaxyrus,americanus,kac101_americanus,,f,33.032829,-86.459752,2019,2,nhei,NheI_E,GATACCG,ecori,EcoRI_2,TCGGTACT
plate1,51,E,3,p098,AUHT 8038,,kac102,,,,X,X,,Anaxyrus,terrestris,kac102_terrestris,,m,32.945435,-86.557771,2019,2,nhei,NheI_E,GATACCG,ecori,EcoRI_3,GATCGTTGT
plate1,52,E,4,p099,AUHT 8039,,kac103,,,,X,X,,Anaxyrus,terrestris,kac103_terrestris,,f,32.94947,-86.526299,2019,2,nhei,NheI_E,GATACCG,ecori,EcoRI_4,AGCTACACTT
plate1,53,E,5,p100,AUHT 8040,,kac104,,,,X,X,,Anaxyrus,terrestris,kac104_terrestris,,f,32.94947,-86.526299,2019,2,nhei,NheI_E,GATACCG,ecori,EcoRI_5,ACGCATT
plate1,54,E,6,p101,AUHT 8041,,kac105,,,,X,X,,Anaxyrus,americanus,kac105_americanus,,f,33.042782,-86.453772,2019,2,nhei,NheI_E,GATACCG,ecori,EcoRI_6,GTATGCAT
plate1,55,E,7,p102,AUHT 8042,,kac106,,,,X,X,,Anaxyrus,americanus,kac106_americanus,,f,33.004635,-86.49692,2019,2,nhei,NheI_E,GATACCG,ecori,EcoRI_7,CACATGTCT
plate1,56,E,8,p103,AUHT 8043,,kac107,,,,X,X,,Anaxyrus,americanus,kac107_americanus,,f,33.014161,-86.384167,2019,2,nhei,NheI_E,GATACCG,ecori,EcoRI_8,TGTGCACGAT
plate1,57,E,9,p104,AUHT 8044,,kac108,,,,X,X,,Anaxyrus,terrestris,kac108_terrestris,,m,32.940128,-86.540042,2019,2,nhei,NheI_E,GATACCG,ecori,EcoRI_9,GCATCAT
plate1,58,E,10,p105,AUHT 8045,,kac109,,,,X,,,Anaxyrus,terrestris,kac109_terrestris,,m,32.941729,-86.557867,2019,2,nhei,NheI_E,GATACCG,ecori,EcoRI_10,ATGCTGTT
plate1,59,E,11,p106,AUHT 8046,,kac110,,,,X,X,,Anaxyrus,americanus,kac110_americanus,,m,33.030987,-86.409405,2019,2,nhei,NheI_E,GATACCG,ecori,EcoRI_11,CATGACCTT
plate1,60,E,12,p107,AUHT 8047,,kac111,,,,X,X,,Anaxyrus,americanus,kac111_americanus,,m,33.005181,-86.498948,2019,2,nhei,NheI_E,GATACCG,ecori,EcoRI_12,TGCAGTGAGT
plate1,61,F,1,p108,AUHT 8048,,kac112,,,,X,,,Anaxyrus,terrestris,kac112_terrestris,,m,32.950115,-86.537227,2019,2,nhei,NheI_F,AGCGTTGG,ecori,EcoRI_1,CTAACGT
plate1,62,F,2,p109,AUHT 8049,,kac113,,,,X,,,Anaxyrus,americanus,kac113_americanus,,m,33.005279,-86.388972,2019,2,nhei,NheI_F,AGCGTTGG,ecori,EcoRI_2,TCGGTACT
plate1,63,F,3,p110,AUHT 8050,,kac114,,,,X,,,Anaxyrus,americanus,kac114_americanus,,f,33.016167,-86.403184,2019,2,nhei,NheI_F,AGCGTTGG,ecori,EcoRI_3,GATCGTTGT
plate1,64,F,4,p111,AUHT 8051,,kac115,,,,X,,,Anaxyrus,americanus,kac115_americanus,,f,32.98218,-86.404875,2019,2,nhei,NheI_F,AGCGTTGG,ecori,EcoRI_4,AGCTACACTT
plate1,65,F,5,p112,AUHT 8052,,kac116,,,,X,X,,Anaxyrus,americanus,kac116_americanus,,f,32.969645,-86.421375,2019,2,nhei,NheI_F,AGCGTTGG,ecori,EcoRI_5,ACGCATT
plate1,66,F,6,p113,AUHT 8053,,kac117,,,,X,,,Anaxyrus,terrestris,kac117_terrestris,,?,32.971456,-86.529008,2019,2,nhei,NheI_F,AGCGTTGG,ecori,EcoRI_6,GTATGCAT
plate1,67,F,7,p114,AUHT 8057,,kac121,,,,X,X,,Anaxyrus,terrestris,kac121_terrestris,,f,32.441195,-85.653856,2019,2,nhei,NheI_F,AGCGTTGG,ecori,EcoRI_7,CACATGTCT
plate1,68,F,8,p115,AUHT 8058,,kac122,,,,X,,,Anaxyrus,terrestris,kac122_terrestris,,m,32.854106,-86.766186,2019,4,nhei,NheI_F,AGCGTTGG,ecori,EcoRI_8,TGTGCACGAT
plate1,69,F,9,p116,AUHT 8059,,kac123,,,,X,X,,Anaxyrus,terrestris,kac123_terrestris,,m,32.900844,-86.675872,2019,4,nhei,NheI_F,AGCGTTGG,ecori,EcoRI_9,GCATCAT
plate1,70,F,10,p117,AUHT 8060,,kac124,,,,X,X,,Anaxyrus,terrestris,kac124_terrestris,,f,32.910603,-86.678496,2019,4,nhei,NheI_F,AGCGTTGG,ecori,EcoRI_10,ATGCTGTT
plate1,71,F,11,p118,AUHT 8061,,kac125,,,,X,,,Anaxyrus,terrestris,kac125_terrestris,,f,32.917147,-86.682083,2019,4,nhei,NheI_F,AGCGTTGG,ecori,EcoRI_11,CATGACCTT
plate1,72,F,12,p119,AUHT 8062,,kac126,,,,X,,,Anaxyrus,terrestris,kac126_terrestris,,m,32.927167,-86.674068,2019,4,nhei,NheI_F,AGCGTTGG,ecori,EcoRI_12,TGCAGTGAGT
plate1,73,G,1,p120,AUHT 8063,,kac127,,,,X,,,Anaxyrus,terrestris,kac127_terrestris,,f,32.971593,-86.625164,2019,4,nhei,NheI_G,CTGCAACTG,ecori,EcoRI_1,CTAACGT
plate1,74,G,2,p121,AUHT 8064,,kac128,,,,X,,,Anaxyrus,terrestris,kac128_terrestris,,m,33.005855,-86.63703,2019,4,nhei,NheI_G,CTGCAACTG,ecori,EcoRI_2,TCGGTACT
plate1,75,G,3,p122,AUHT 8065,,kac129,,,,X,,,Anaxyrus,terrestris,kac129_terrestris,,m,33.007967,-86.642098,2019,4,nhei,NheI_G,CTGCAACTG,ecori,EcoRI_3,GATCGTTGT
plate1,76,G,4,p123,AUHT 8066,,kac130,,,,X,,,Anaxyrus,terrestris,kac130_terrestris,,m,33.008185,-86.643333,2019,4,nhei,NheI_G,CTGCAACTG,ecori,EcoRI_4,AGCTACACTT
plate1,77,G,5,p124,AUHT 8067,,kac131,,,,X,,,Anaxyrus,terrestris,kac131_terrestris,,m,33.015085,-86.649372,2019,4,nhei,NheI_G,CTGCAACTG,ecori,EcoRI_5,ACGCATT
plate1,78,G,6,p125,AUHT 8068,,kac132,,,,X,,,Anaxyrus,terrestris,kac132_terrestris,,m,33.020339,-86.666505,2019,4,nhei,NheI_G,CTGCAACTG,ecori,EcoRI_6,GTATGCAT
plate1,79,G,7,p126,AUHT 8069,,kac133,,,,X,X,,Anaxyrus,terrestris,kac133_terrestris,,f,33.01163,-86.647591,2019,4,nhei,NheI_G,CTGCAACTG,ecori,EcoRI_7,CACATGTCT
plate1,80,G,8,p127,AUHT 8070,,kac134,,,,X,X,,Anaxyrus,terrestris,kac134_terrestris,,m,33.005369,-86.636515,2019,4,nhei,NheI_G,CTGCAACTG,ecori,EcoRI_8,TGTGCACGAT
plate1,81,G,9,p128,AUHT 8071,,kac135,,,,X,X,,Anaxyrus,terrestris,kac135_terrestris,,f,33.00644,-86.633682,2019,4,nhei,NheI_G,CTGCAACTG,ecori,EcoRI_9,GCATCAT
plate1,82,G,10,p129,AUHT 8072,,kac136,,,,X,X,,Anaxyrus,terrestris,kac136_terrestris,,m,33.006733,-86.633158,2019,4,nhei,NheI_G,CTGCAACTG,ecori,EcoRI_10,ATGCTGTT
plate1,83,G,11,p130,AUHT 8073,,kac137,X,,X,,,,Anaxyrus,fowleri,kac137_fowleri,,?,33.014605,-86.609529,2019,4,nhei,NheI_G,CTGCAACTG,ecori,EcoRI_11,CATGACCTT
plate1,84,G,12,p131,AUHT 8074,,kac138,,,,X,X,,Anaxyrus,americanus,kac138_americanus,,?,32.702242,-85.661958,2019,4,nhei,NheI_G,CTGCAACTG,ecori,EcoRI_12,TGCAGTGAGT
plate1,85,H,1,p132,AUHT 8075,,kac139,,,,X,X,,Anaxyrus,americanus,kac139_americanus,,?,32.730416,-85.661728,2019,4,nhei,NheI_H,TCATGGTCAG,ecori,EcoRI_1,CTAACGT
plate1,86,H,2,p133,AUHT 8076,,kac140,,,,X,X,,Anaxyrus,terrestris,kac140_terrestris,,?,32.625533,-85.636835,2019,4,nhei,NheI_H,TCATGGTCAG,ecori,EcoRI_2,TCGGTACT
plate1,87,H,3,p134,AUHT 8077,,kac141,,,,X,X,,Anaxyrus,terrestris,kac141_terrestris,,?,32.410323,-85.601075,2019,4,nhei,NheI_H,TCATGGTCAG,ecori,EcoRI_3,GATCGTTGT
plate1,88,H,4,p135,AUHT 8078,,kac142,,,,X,X,,Anaxyrus,terrestris,kac142_terrestris,,?,32.570111,-85.808878,2019,4,nhei,NheI_H,TCATGGTCAG,ecori,EcoRI_4,AGCTACACTT
plate1,89,H,5,p136,AUHT 8079,,kac143,,,,X,X,,Anaxyrus,terrestris,kac143_terrestris,,?,32.477727,-85.798238,2019,4,nhei,NheI_H,TCATGGTCAG,ecori,EcoRI_5,ACGCATT
plate1,90,H,6,p137,AUHT 8080,,kac144,,,,X,X,,Anaxyrus,terrestris,kac144_terrestris,,?,32.477069,-85.795772,2019,4,nhei,NheI_H,TCATGGTCAG,ecori,EcoRI_6,GTATGCAT
plate1,91,H,7,p138,AUHT 8081,,kac145,,,,X,X,,Anaxyrus,terrestris,kac145_terrestris,,?,32.481285,-85.763541,2019,4,nhei,NheI_H,TCATGGTCAG,ecori,EcoRI_7,CACATGTCT
plate1,92,H,8,p139,AUHT 8082,,kac146,,,,X,X,,Anaxyrus,terrestris,kac146_terrestris,,?,32.482906,-85.756219,2019,4,nhei,NheI_H,TCATGGTCAG,ecori,EcoRI_8,TGTGCACGAT
plate1,93,H,9,p140,AUHT 8083,,kac147,,,,X,X,,Anaxyrus,terrestris,kac147_terrestris,,?,32.450012,-85.796522,2019,4,nhei,NheI_H,TCATGGTCAG,ecori,EcoRI_9,GCATCAT
plate1,94,H,10,p141,AUHT 8084,,kac148,,,,X,X,,Anaxyrus,terrestris,kac148_terrestris,,?,32.454201,-85.794082,2019,4,nhei,NheI_H,TCATGGTCAG,ecori,EcoRI_10,ATGCTGTT
plate1,95,H,11,p142,AUHT 8085,,kac149,,,,X,X,,Anaxyrus,terrestris,kac149_terrestris,,?,32.454491,-85.786639,2019,4,nhei,NheI_H,TCATGGTCAG,ecori,EcoRI_11,CATGACCTT
plate1,96,H,12,p143,AUHT 8086,,kac150,,,,X,X,,Anaxyrus,terrestris,kac150_terrestris,,?,32.454491,-85.786639,2019,4,nhei,NheI_H,TCATGGTCAG,ecori,EcoRI_12,TGCAGTGAGT
plate2,1,A,1,p144,AUHT 8087,,kac151,,,,X,X,,Anaxyrus,terrestris,kac151_terrestris,,?,32.45451,-85.784163,2019,4,nhei,NheI_A,CCGAATG,ecori,EcoRI_1,CTAACGT
plate2,2,A,2,p145,AUHT 8088,,kac152,,,,X,X,,Anaxyrus,terrestris,kac152_terrestris,,?,32.454233,-85.776336,2019,4,nhei,NheI_A,CCGAATG,ecori,EcoRI_2,TCGGTACT
plate2,3,A,3,p146,AUHT 8089,,kac153,,,,X,X,,Anaxyrus,terrestris,kac153_terrestris,,?,32.454233,-85.776336,2019,4,nhei,NheI_A,CCGAATG,ecori,EcoRI_3,GATCGTTGT
plate2,4,A,4,p147,AUHT 8090,,kac154,,,,X,X,,Anaxyrus,terrestris,kac154_terrestris,,?,32.465744,-85.769772,2019,4,nhei,NheI_A,CCGAATG,ecori,EcoRI_4,AGCTACACTT
plate2,5,A,5,p148,AUHT 8091,,kac155,,,,X,X,,Anaxyrus,terrestris,kac155_terrestris,,?,32.469615,-85.773691,2019,4,nhei,NheI_A,CCGAATG,ecori,EcoRI_5,ACGCATT
plate2,6,A,6,p149,AUHT 8092,,kac156,,,,X,X,,Anaxyrus,terrestris,kac156_terrestris,,?,32.477095,-85.791747,2019,4,nhei,NheI_A,CCGAATG,ecori,EcoRI_6,GTATGCAT
plate2,7,A,7,p150,AUHT 8093,,kac157,X,,X,,,,Anaxyrus,fowleri,kac157_fowleri,,m,32.437695,-85.636201,2019,4,nhei,NheI_A,CCGAATG,ecori,EcoRI_7,CACATGTCT
plate2,8,A,8,p151,AUHT 8094,,kac158,,,,X,X,,Anaxyrus,terrestris,kac158_terrestris,,?,32.477095,-85.791747,2019,4,nhei,NheI_A,CCGAATG,ecori,EcoRI_8,TGTGCACGAT
plate2,9,A,9,p152,AUHT 8095,,kac159,,,,X,X,,Anaxyrus,terrestris,kac159_terrestris,,?,32.490004,-85.797409,2019,4,nhei,NheI_A,CCGAATG,ecori,EcoRI_9,GCATCAT
plate2,10,A,10,p153,AUHT 8096,,kac160,,,,X,X,,Anaxyrus,terrestris,kac160_terrestris,,?,32.408088,-85.478571,2019,4,nhei,NheI_A,CCGAATG,ecori,EcoRI_10,ATGCTGTT
plate2,11,A,11,p154,AUHT 8097,,kac161,,,,X,X,,Anaxyrus,terrestris,kac161_terrestris,,?,32.417444,-85.471168,2019,4,nhei,NheI_A,CCGAATG,ecori,EcoRI_11,CATGACCTT
plate2,92,H,8,p154,AUHT 8097,,kac161,,,,X,X,,Anaxyrus,terrestris,kac161_terrestris,,?,32.417444,-85.471168,2019,4,nhei,NheI_H,TCATGGTCAG,ecori,EcoRI_8,TGTGCACGAT
plate2,12,A,12,p155,AUHT 8098,,kac162,,,,X,X,,Anaxyrus,terrestris,kac162_terrestris,,?,32.35417,-86.098383,,,nhei,NheI_A,CCGAATG,ecori,EcoRI_12,TGCAGTGAGT
plate2,13,B,1,p156,AUHT 8099,,kac163,,,,X,X,,Anaxyrus,terrestris,kac163_terrestris,,?,32.339941,-86.099463,,,nhei,NheI_B,TTAGGCAG,ecori,EcoRI_1,CTAACGT
plate2,14,B,2,p157,AUHT 8100,,kac164,,,,X,X,,Anaxyrus,terrestris,kac164_terrestris,,?,32.315622,-86.137894,,,nhei,NheI_B,TTAGGCAG,ecori,EcoRI_2,TCGGTACT
plate2,15,B,3,p158,AUHT 8101,,kac165,X,,X,,,,Anaxyrus,fowleri,kac165_fowleri,,m,32.663564,-85.484982,2018,4,nhei,NheI_B,TTAGGCAG,ecori,EcoRI_3,GATCGTTGT
plate2,16,B,4,p159,AUHT 8102,,kac166,X,,X,,,,Anaxyrus,fowleri,kac166_fowleri,,j,32.663564,-85.484982,2018,4,nhei,NheI_B,TTAGGCAG,ecori,EcoRI_4,AGCTACACTT
plate2,17,B,5,p160,AUHT 8103,,kac167,,,,X,X,,Anaxyrus,terrestris,kac167_terrestris,,f,33.066201,-86.603276,2019,4,nhei,NheI_B,TTAGGCAG,ecori,EcoRI_5,ACGCATT
plate2,18,B,6,p161,AUHT 8108,,kac172,,,,X,X,,Anaxyrus,americanus,kac172_americanus,,f,32.621711,-85.614672,2019,5,nhei,NheI_B,TTAGGCAG,ecori,EcoRI_6,GTATGCAT
plate2,19,B,7,p162,AUHT 8109,,kac173,,,,X,X,,Anaxyrus,americanus,kac173_americanus,,f,32.617511,-85.643347,2019,5,nhei,NheI_B,TTAGGCAG,ecori,EcoRI_7,CACATGTCT
plate2,20,B,8,p163,AUHT 8110,,kac174,X,,X,,,,Anaxyrus,fowleri,kac174_fowleri,,f,32.629382,-85.638284,2019,5,nhei,NheI_B,TTAGGCAG,ecori,EcoRI_8,TGTGCACGAT
plate2,21,B,9,p164,AUHT 8111,,kac175,X,,X,,,,Anaxyrus,fowleri,kac175_fowleri,,f,32.648495,-85.647115,2019,5,nhei,NheI_B,TTAGGCAG,ecori,EcoRI_9,GCATCAT
plate2,22,B,10,p165,AUHT 8112,,kac176,,,,X,X,,Anaxyrus,americanus,kac176_americanus,,f,32.668357,-85.662326,2019,5,nhei,NheI_B,TTAGGCAG,ecori,EcoRI_10,ATGCTGTT
plate2,23,B,11,p166,AUHT 8113,,kac177,,,,X,X,,Anaxyrus,americanus,kac177_americanus,,f,32.655707,-85.571337,2019,5,nhei,NheI_B,TTAGGCAG,ecori,EcoRI_11,CATGACCTT
plate2,24,B,12,p167,AUHT 8114,,kac178,X,,,,,,Anaxyrus,fowleri,kac178_fowleri,,m,32.386444,-85.235611,2019,5,nhei,NheI_B,TTAGGCAG,ecori,EcoRI_12,TGCAGTGAGT
plate2,25,C,1,p168,AUHT 8115,,kac179,X,,X,,,,Anaxyrus,fowleri,kac179_fowleri,,m,32.386444,-85.235611,2019,5,nhei,NheI_C,AACTCGTCG,ecori,EcoRI_1,CTAACGT
plate2,26,C,2,p169,AUHT 8116,,kac180,X,,X,,,,Anaxyrus,fowleri,kac180_fowleri,,m,32.386444,-85.235611,2019,5,nhei,NheI_C,AACTCGTCG,ecori,EcoRI_2,TCGGTACT
plate2,27,C,3,p170,AUHT 8117,,kac181,,,,X,X,,Anaxyrus,terrestris,kac181_terrestris,,m,32.386444,-85.235611,2019,5,nhei,NheI_C,AACTCGTCG,ecori,EcoRI_3,GATCGTTGT
plate2,28,C,4,p171,AUHT 8118,,kac182,,,,X,X,,Anaxyrus,terrestris,kac182_terrestris,,m,32.385793,-85.235653,2019,5,nhei,NheI_C,AACTCGTCG,ecori,EcoRI_4,AGCTACACTT
plate2,29,C,5,p172,AUHT 8119,,kac183,,,,X,X,,Anaxyrus,terrestris,kac183_terrestris,,m,32.385793,-85.235653,2019,5,nhei,NheI_C,AACTCGTCG,ecori,EcoRI_5,ACGCATT
plate2,30,C,6,p173,AUHT 8120,,kac184,,,,X,X,,Anaxyrus,terrestris,kac184_terrestris,,m,32.385793,-85.235653,2019,5,nhei,NheI_C,AACTCGTCG,ecori,EcoRI_6,GTATGCAT
plate2,31,C,7,p174,AUHT 8121,,kac185,,,,X,X,,Anaxyrus,terrestris,kac185_terrestris,,m,32.385793,-85.235653,2019,5,nhei,NheI_C,AACTCGTCG,ecori,EcoRI_7,CACATGTCT
plate2,32,C,8,p175,AUHT 8122,,kac186,X,,X,,,,Anaxyrus,fowleri,kac186_fowleri,,m,32.385793,-85.235653,2019,5,nhei,NheI_C,AACTCGTCG,ecori,EcoRI_8,TGTGCACGAT
plate2,33,C,9,p176,AUHT 8123,,kac187,,,,X,,,Anaxyrus,americanus,kac187_americanus,,m,32.645479,-85.551346,2020,2,nhei,NheI_C,AACTCGTCG,ecori,EcoRI_9,GCATCAT
plate2,93,H,9,p176,AUHT 8123,,kac187,,,,X,,,Anaxyrus,americanus,kac187_americanus,,m,32.645479,-85.551346,2020,2,nhei,NheI_H,TCATGGTCAG,ecori,EcoRI_9,GCATCAT
plate2,34,C,10,p177,AUHT 8124,,kac188,,,,X,X,,Anaxyrus,terrestris,kac188_terrestris,,f,32.409763,-85.602077,2020,2,nhei,NheI_C,AACTCGTCG,ecori,EcoRI_10,ATGCTGTT
plate2,35,C,11,p178,AUHT 8125,,kac189,,,,X,X,,Anaxyrus,terrestris,kac189_terrestris,,f,33.091522,-86.566863,2020,3,nhei,NheI_C,AACTCGTCG,ecori,EcoRI_11,CATGACCTT
plate2,36,C,12,p179,AUHT 8126,,kac190,,,,X,X,,Anaxyrus,terrestris,kac190_terrestris,,f,33.112983,-86.694343,2020,3,nhei,NheI_C,AACTCGTCG,ecori,EcoRI_12,TGCAGTGAGT
plate2,37,D,1,p180,AUHT 8127,,kac191,,,,X,X,,Anaxyrus,terrestris,kac191_terrestris,,m,33.106591,-86.682277,2020,3,nhei,NheI_D,GGTCTACGTG,ecori,EcoRI_1,CTAACGT
plate2,38,D,2,p181,AUHT 8128,,kac192,,,,X,X,,Anaxyrus,terrestris,kac192_terrestris,,f,33.105093,-86.680138,2020,3,nhei,NheI_D,GGTCTACGTG,ecori,EcoRI_2,TCGGTACT
plate2,39,D,3,p182,AUHT 8129,,kac193,,,,X,X,,Anaxyrus,terrestris,kac193_terrestris,,f,33.07896,-86.672859,2020,3,nhei,NheI_D,GGTCTACGTG,ecori,EcoRI_3,GATCGTTGT
plate2,40,D,4,p183,AUHT 8130,,kac194,,,,X,X,,Anaxyrus,terrestris,kac194_terrestris,,m,32.939331,-86.620078,2020,3,nhei,NheI_D,GGTCTACGTG,ecori,EcoRI_4,AGCTACACTT
plate2,41,D,5,p184,AUHT 8131,,kac195,,,,X,X,,Anaxyrus,terrestris,kac195_terrestris,,f,32.947455,-86.621458,2020,3,nhei,NheI_D,GGTCTACGTG,ecori,EcoRI_5,ACGCATT
plate2,42,D,6,p185,AUHT 8132,,kac196,,,,X,X,,Anaxyrus,terrestris,kac196_terrestris,,f,32.948288,-86.621901,2020,3,nhei,NheI_D,GGTCTACGTG,ecori,EcoRI_6,GTATGCAT
plate2,43,D,7,p186,AUHT 8133,,kac197,,,,X,X,,Anaxyrus,terrestris,kac197_terrestris,,m,32.949291,-86.622407,2020,3,nhei,NheI_D,GGTCTACGTG,ecori,EcoRI_7,CACATGTCT
plate2,44,D,8,p187,AUHT 8134,,kac198,,,,X,,,Anaxyrus,terrestris,kac198_terrestris,,j,32.950771,-86.623061,2020,3,nhei,NheI_D,GGTCTACGTG,ecori,EcoRI_8,TGTGCACGAT
plate2,45,D,9,p188,AUHT 8135,,kac199,,,,X,X,,Anaxyrus,terrestris,kac199_terrestris,,f,32.957938,-86.624769,2020,3,nhei,NheI_D,GGTCTACGTG,ecori,EcoRI_9,GCATCAT
plate2,46,D,10,p189,AUHT 8136,,kac200,,,,X,X,,Anaxyrus,terrestris,kac200_terrestris,,f,32.959396,-86.624885,2020,3,nhei,NheI_D,GGTCTACGTG,ecori,EcoRI_10,ATGCTGTT
plate3,1,A,1,p190,AUHT 8183,,kac2018021701,X,,X,X,X,,Anaxyrus,americanus,kac2018021701_americanus,,?,33.55274,-85.829132,2018,2,nhei,NheI_A,CCGAATG,ecori,EcoRI_1,CTAACGT
plate3,2,A,2,p191,AUHT 8186,,kac2018021704,X,,X,X,X,,Anaxyrus,americanus,kac2018021704_americanus,,?,33.485484,-85.888566,2018,2,nhei,NheI_A,CCGAATG,ecori,EcoRI_2,TCGGTACT
plate3,3,A,3,p192,AUHT 8187,,kac2018021705,,,,X,X,,Anaxyrus,americanus,kac2018021705_americanus,,?,33.316494,-86.052932,2018,2,nhei,NheI_A,CCGAATG,ecori,EcoRI_3,GATCGTTGT
plate3,4,A,4,p193,AUHT 8188,,kac2018021706,,,,X,X,,Anaxyrus,americanus,kac2018021706_americanus,,?,33.284428,-86.084432,2018,2,nhei,NheI_A,CCGAATG,ecori,EcoRI_4,AGCTACACTT
plate3,5,A,5,p194,AUHT 8189,,kac2018021707,,,,X,X,,Anaxyrus,americanus,kac2018021707_americanus,,?,33.245762,-86.081675,2018,2,nhei,NheI_A,CCGAATG,ecori,EcoRI_5,ACGCATT
plate3,6,A,6,p195,AUHT 8190,,kac201803101,,,,X,,,Anaxyrus,americanus,kac201803101_americanus,,?,32.910571,-86.092722,2018,3,nhei,NheI_A,CCGAATG,ecori,EcoRI_6,GTATGCAT
plate3,7,A,7,p196,AUHT 8191,,kac201803102,X,,X,,,,Anaxyrus,fowleri,kac201803102_fowleri,,?,32.931161,-86.084646,2018,3,nhei,NheI_A,CCGAATG,ecori,EcoRI_7,CACATGTCT
plate3,8,A,8,p197,AUHT 8192,,kac201803103,,,,X,,,Anaxyrus,americanus,kac201803103_americanus,,?,32.951037,-86.145395,2018,3,nhei,NheI_A,CCGAATG,ecori,EcoRI_8,TGTGCACGAT
plate3,9,A,9,p198,AUHT 8193,,kac201803104,,,,X,X,,Anaxyrus,americanus,kac201803104_americanus,,?,32.897867,-86.26061,2018,3,nhei,NheI_A,CCGAATG,ecori,EcoRI_9,GCATCAT
plate3,10,A,10,p199,AUHT 8194,,kac201803105,,,,X,X,,Anaxyrus,americanus,kac201803105_americanus,,?,32.816418,-86.38018,2018,3,nhei,NheI_A,CCGAATG,ecori,EcoRI_10,ATGCTGTT
plate3,11,A,11,p200,None,,kac201808181,X,,X,,,,Anaxyrus,terrestris,kac201808181_terrestris,,?,30.669021,-81.440135,2018,8,nhei,NheI_A,CCGAATG,ecori,EcoRI_11,CATGACCTT
plate3,12,A,12,p201,AUHT 8195,,kac201808182,X,,,,,,Anaxyrus,terrestris,kac201808182_terrestris,,?,30.669021,-81.440135,2018,8,nhei,NheI_A,CCGAATG,ecori,EcoRI_12,TGCAGTGAGT
plate3,13,B,1,p202,AUHT 8196,,kac201808183,X,X,X,,,,Anaxyrus,terrestris,kac201808183_terrestris,,?,30.432818,-81.640876,2018,8,nhei,NheI_B,TTAGGCAG,ecori,EcoRI_1,CTAACGT
plate3,14,B,2,p203,AUHT 8197,,kac201808184,X,,X,,,,Anaxyrus,terrestris,kac201808184_terrestris,,?,30.669021,-81.440135,2018,8,nhei,NheI_B,TTAGGCAG,ecori,EcoRI_2,TCGGTACT
plate3,15,B,3,p204,AUHT 8181,,kac201908251,,,,X,,,Anaxyrus,americanus,kac201908251_americanus,,j,34.218521,-87.366617,2019,8,nhei,NheI_B,TTAGGCAG,ecori,EcoRI_3,GATCGTTGT
plate3,16,B,4,p205,AUHT 8182,,kac201908252,X,,X,,,,Anaxyrus,fowleri,kac201908252_fowleri,,j,34.218521,-87.366617,2019,8,nhei,NheI_B,TTAGGCAG,ecori,EcoRI_4,AGCTACACTT
plate2,47,D,11,p206,AUHT 8138,,kac202,X,,X,,,,Anaxyrus,fowleri,kac202_fowleri,,f,33.251041,-86.438502,2020,3,nhei,NheI_D,GGTCTACGTG,ecori,EcoRI_11,CATGACCTT
plate2,48,D,12,p207,AUHT 8139,,kac203,X,,X,,,,Anaxyrus,fowleri,kac203_fowleri,,m,32.622944,-85.496597,2020,4,nhei,NheI_D,GGTCTACGTG,ecori,EcoRI_12,TGCAGTGAGT
plate2,49,E,1,p208,AUHT 8140,,kac204,X,,X,,,,Anaxyrus,fowleri,kac204_fowleri,,j,32.622944,-85.496597,2020,4,nhei,NheI_E,GATACCG,ecori,EcoRI_1,CTAACGT
plate2,50,E,2,p209,AUHT 8141,,kac205,,,,X,X,,Anaxyrus,terrestris,kac205_terrestris,,m,32.548519,-85.486919,2020,3,nhei,NheI_E,GATACCG,ecori,EcoRI_2,TCGGTACT
plate2,51,E,3,p210,AUHT 8142,,kac206,,,,X,X,,Anaxyrus,americanus,kac206_americanus,,f,33.307591,-86.582013,2020,4,nhei,NheI_E,GATACCG,ecori,EcoRI_3,GATCGTTGT
plate2,52,E,4,p211,AUHT 8143,,kac207,,,,X,X,,Anaxyrus,americanus,kac207_americanus,,j,33.316847,-86.575965,2020,4,nhei,NheI_E,GATACCG,ecori,EcoRI_4,AGCTACACTT
plate2,53,E,5,p212,AUHT 8144,,kac208,,,,X,X,,Anaxyrus,americanus,kac208_americanus,,m,33.098294,-86.565293,2020,4,nhei,NheI_E,GATACCG,ecori,EcoRI_5,ACGCATT
plate2,54,E,6,p213,AUHT 8145,,kac209,,,,X,X,,Anaxyrus,terrestris,kac209_terrestris,,f,33.086002,-86.563938,2020,4,nhei,NheI_E,GATACCG,ecori,EcoRI_6,GTATGCAT
plate2,55,E,7,p214,AUHT 8146,,kac210,,,,X,X,,Anaxyrus,terrestris,kac210_terrestris,,m,33.086002,-86.563938,2020,4,nhei,NheI_E,GATACCG,ecori,EcoRI_7,CACATGTCT
plate2,56,E,8,p215,AUHT 8147,,kac211,,,,X,,,Anaxyrus,terrestris,kac211_terrestris,,m,33.014643,-86.609949,2020,4,nhei,NheI_E,GATACCG,ecori,EcoRI_8,TGTGCACGAT
plate2,94,H,10,p215,AUHT 8147,,kac211,,,,X,,,Anaxyrus,terrestris,kac211_terrestris,,m,33.014643,-86.609949,2020,4,nhei,NheI_H,TCATGGTCAG,ecori,EcoRI_10,ATGCTGTT
plate2,57,E,9,p216,AUHT 8148,,kac212,,,,X,X,,Anaxyrus,terrestris,kac212_terrestris,,m,33.012085,-86.617071,2020,4,nhei,NheI_E,GATACCG,ecori,EcoRI_9,GCATCAT
plate2,58,E,10,p217,AUHT 8149,,kac213,,,,X,X,,Anaxyrus,terrestris,kac213_terrestris,,f,33.004352,-86.637099,2020,4,nhei,NheI_E,GATACCG,ecori,EcoRI_10,ATGCTGTT
plate2,59,E,11,p218,AUHT 8150,,kac214,,,,X,X,,Anaxyrus,terrestris,kac214_terrestris,,m,32.999914,-86.641813,2020,4,nhei,NheI_E,GATACCG,ecori,EcoRI_11,CATGACCTT
plate2,60,E,12,p219,AUHT 8151,,kac215,,,,X,,,Anaxyrus,terrestris,kac215_terrestris,,m,32.996047,-86.645262,2020,4,nhei,NheI_E,GATACCG,ecori,EcoRI_12,TGCAGTGAGT
plate2,61,F,1,p220,AUHT 8152,,kac216,,,,X,,,Anaxyrus,terrestris,kac216_terrestris,,f,33.013457,-86.6096,2020,4,nhei,NheI_F,AGCGTTGG,ecori,EcoRI_1,CTAACGT
plate2,62,F,2,p221,AUHT 8153,,kac217,,,,X,X,,Anaxyrus,terrestris,kac217_terrestris,,m,32.914699,-86.602699,2020,4,nhei,NheI_F,AGCGTTGG,ecori,EcoRI_2,TCGGTACT
plate2,63,F,3,p222,AUHT 8154,,kac218,,,,X,X,,Anaxyrus,terrestris,kac218_terrestris,,m,32.924322,-86.598953,2020,4,nhei,NheI_F,AGCGTTGG,ecori,EcoRI_3,GATCGTTGT
plate2,64,F,4,p223,AUHT 8155,,kac219,,,,X,X,,Anaxyrus,terrestris,kac219_terrestris,,f,32.93987,-86.561135,2020,4,nhei,NheI_F,AGCGTTGG,ecori,EcoRI_4,AGCTACACTT
plate2,65,F,5,p224,AUHT 8156,,kac220,,,,X,X,,Anaxyrus,americanus,kac220_americanus,,m,32.96579,-86.508917,2020,4,nhei,NheI_F,AGCGTTGG,ecori,EcoRI_5,ACGCATT
plate2,66,F,6,p225,AUHT 8157,,kac221,,,,X,X,,Anaxyrus,americanus,kac221_americanus,,j,32.963888,-86.425495,2020,4,nhei,NheI_F,AGCGTTGG,ecori,EcoRI_6,GTATGCAT
plate2,95,H,11,p225,AUHT 8158,,kac221,,,,X,X,,Anaxyrus,americanus,kac221_americanus,,j,32.963888,-86.425495,2020,4,nhei,NheI_H,TCATGGTCAG,ecori,EcoRI_11,CATGACCTT
plate2,67,F,7,p226,AUHT 8159,,kac223,,,,X,,,Anaxyrus,terrestris,kac223_terrestris,,m,32.533621,-85.798389,2020,4,nhei,NheI_F,AGCGTTGG,ecori,EcoRI_7,CACATGTCT
plate2,68,F,8,p227,AUHT 8160,,kac224,,,,X,X,,Anaxyrus,terrestris,kac224_terrestris,,f,32.48869,-85.795555,2020,4,nhei,NheI_F,AGCGTTGG,ecori,EcoRI_8,TGTGCACGAT
plate2,69,F,9,p228,AUHT 8161,,kac225,,,,X,X,,Anaxyrus,terrestris,kac225_terrestris,,f,32.501593,-85.798595,2020,4,nhei,NheI_F,AGCGTTGG,ecori,EcoRI_9,GCATCAT
plate2,70,F,10,p229,AUHT 8162,,kac226,X,,X,,,,Anaxyrus,fowleri,kac226_fowleri,,m,32.481193,-85.798379,2020,4,nhei,NheI_F,AGCGTTGG,ecori,EcoRI_10,ATGCTGTT
plate2,71,F,11,p230,AUHT 8166,,kac230,X,,X,X,X,,Anaxyrus,terrestris,kac230_terrestris,,m,30.809332,-86.776858,2020,5,nhei,NheI_F,AGCGTTGG,ecori,EcoRI_11,CATGACCTT
plate2,72,F,12,p231,AUHT 8167,,kac232,X,,X,X,X,,Anaxyrus,terrestris,kac232_terrestris,,?,30.809216,-86.789938,2020,5,nhei,NheI_F,AGCGTTGG,ecori,EcoRI_12,TGCAGTGAGT
plate2,96,H,12,p231,AUHT 8168,,kac232,X,,X,X,X,,Anaxyrus,terrestris,kac232_terrestris,,?,30.809216,-86.789938,2020,5,nhei,NheI_H,TCATGGTCAG,ecori,EcoRI_12,TGCAGTGAGT
plate2,73,G,1,p232,AUHT 8169,,kac233,X,,X,X,X,,Anaxyrus,terrestris,kac233_terrestris,,?,30.809216,-86.789938,2020,5,nhei,NheI_G,CTGCAACTG,ecori,EcoRI_1,CTAACGT
plate2,74,G,2,p233,AUHT 8170,,kac234,X,,X,X,X,,Anaxyrus,terrestris,kac234_terrestris,,?,30.809216,-86.789938,2020,5,nhei,NheI_G,CTGCAACTG,ecori,EcoRI_2,TCGGTACT
plate2,75,G,3,p234,AUHT 8172,,kac236,X,,X,X,X,,Anaxyrus,terrestris,kac236_terrestris,,?,30.826322,-86.802577,2020,5,nhei,NheI_G,CTGCAACTG,ecori,EcoRI_3,GATCGTTGT
plate2,76,G,4,p235,AUHT 8173,,kac237,X,,X,X,X,,Anaxyrus,terrestris,kac237_terrestris,,?,30.837332,-86.7763,2020,5,nhei,NheI_G,CTGCAACTG,ecori,EcoRI_4,AGCTACACTT
plate2,77,G,5,p236,AUHT 8174,,kac238,X,,X,X,X,,Anaxyrus,terrestris,kac238_terrestris,,?,30.824332,-86.762838,2020,5,nhei,NheI_G,CTGCAACTG,ecori,EcoRI_5,ACGCATT
plate2,78,G,6,p237,AUHT 8175,,kac239,X,,X,X,X,,Anaxyrus,terrestris,kac239_terrestris,,?,30.8016249,-86.7665909,2020,5,nhei,NheI_G,CTGCAACTG,ecori,EcoRI_6,GTATGCAT
plate2,79,G,7,p238,AUHT 8176,,kac240,X,,X,,,,Anaxyrus,fowleri,kac240_fowleri,,f,32.6432798,-85.3711405,2020,6,nhei,NheI_G,CTGCAACTG,ecori,EcoRI_7,CACATGTCT
plate2,80,G,8,p239,AUHT 8177,,kac241,X,,X,,,,Anaxyrus,fowleri,kac241_fowleri,,f,32.6432798,-85.3711405,2020,6,nhei,NheI_G,CTGCAACTG,ecori,EcoRI_8,TGTGCACGAT
plate2,81,G,9,p240,AUHT 8178,,kac242,X,,X,X,X,,Anaxyrus,americanus,kac242_americanus,,m,34.504456,-85.637683,2020,7,nhei,NheI_G,CTGCAACTG,ecori,EcoRI_9,GCATCAT
plate2,82,G,10,p241,AUHT 8179,,kac243,X,X,,,,,Incillius,nebulifer,kac243_nebulifer,,,30.391397,-90.620491,,,nhei,NheI_G,CTGCAACTG,ecori,EcoRI_10,ATGCTGTT
plate2,83,G,11,p242,AUHT 8180,,kac244,X,,,,,,Anaxyrus,fowleri,kac244_fowleri,,m,32.8926113,-93.8875622,2021,9,nhei,NheI_G,CTGCAACTG,ecori,EcoRI_11,CATGACCTT
plate3,24,B,12,p243,MSB 100793,,msb100793,X,X,,,,X,Anaxyrus,microscaphus,msb100793_microscaphus,,,37.27153801,-114.464781,2020,,nhei,NheI_B,TTAGGCAG,ecori,EcoRI_12,TGCAGTGAGT
plate3,25,C,1,p244,MSB 100800,,msb100800,X,X,X,,,X,Anaxyrus,woodhousii,msb100800_woodhousii,,,36.73611667,-114.2197167,2020,,nhei,NheI_C,AACTCGTCG,ecori,EcoRI_1,CTAACGT
plate3,26,C,2,p245,MSB 100913,,msb100913,X,X,,,,X,Anaxyrus,microscaphus,msb100913_microscaphus,,,33.280379,-108.088683,2020,,nhei,NheI_C,AACTCGTCG,ecori,EcoRI_2,TCGGTACT
plate3,27,C,3,p246,MSB 104548,,msb104548,X,,,,,X,Anaxyrus,woodhousii,msb104548_woodhousii,,,36.49094,-103.20838,2021,,nhei,NheI_C,AACTCGTCG,ecori,EcoRI_3,GATCGTTGT
plate3,28,C,4,p247,MSB 104570,,msb104570,X,,,,,X,Anaxyrus,fowleri,msb104570_fowleri,,,34.00087,-95.38229,2021,,nhei,NheI_C,AACTCGTCG,ecori,EcoRI_4,AGCTACACTT
plate3,29,C,5,p248,MSB 104571,,msb104571,X,,,,,X,Anaxyrus,americanus,msb104571_americanus,,,34.00917,-95.38058,2021,,nhei,NheI_C,AACTCGTCG,ecori,EcoRI_5,ACGCATT
plate3,30,C,6,p249,MSB 104608,,msb104608,X,,,,,X,Anaxyrus,americanus,msb104608_americanus,,,34.00367,-94.8267,2021,,nhei,NheI_C,AACTCGTCG,ecori,EcoRI_6,GTATGCAT
plate3,31,C,7,p250,MSB 104644,,msb104644,X,,X,,,X,Anaxyrus,americanus,msb104644_americanus,,,36.95124,-94.27782,2021,,nhei,NheI_C,AACTCGTCG,ecori,EcoRI_7,CACATGTCT
plate3,32,C,8,p251,MSB 104677,,msb104677,X,X,,,,X,Anaxyrus,cognatus,msb104677_cognatus,,,46.39834,-97.20927,2021,,nhei,NheI_C,AACTCGTCG,ecori,EcoRI_8,TGTGCACGAT
plate3,33,C,9,p252,MSB 104681,,msb104681,X,X,,,,X,Anaxyrus,hemiophrys,msb104681_hemiophrys,,,46.47076,-97.04604,2021,,nhei,NheI_C,AACTCGTCG,ecori,EcoRI_9,GCATCAT
plate3,34,C,10,p253,MSB 104731,,msb104731,X,X,X,,,X,Anaxyrus,woodhousii,msb104731_woodhousii,,,42.61091,-100.65607,2021,,nhei,NheI_C,AACTCGTCG,ecori,EcoRI_10,ATGCTGTT
plate3,17,B,5,p254,MSB 75646,,msb75646,X,X,X,,,X,Anaxyrus,woodhousii,msb75646_woodhousii,,,33.36365042,-104.3428216,2009,,nhei,NheI_B,TTAGGCAG,ecori,EcoRI_5,ACGCATT
plate3,18,B,6,p255,MSB 92689,,msb92689,X,,,,,X,Anaxyrus,baxteri,msb92689_baxteri,,,41.211821,-105.8255766,2002,,nhei,NheI_B,TTAGGCAG,ecori,EcoRI_6,GTATGCAT
plate3,19,B,7,p256,MSB 92691,,msb92691,X,X,,,,X,Anaxyrus,baxteri,msb92691_baxteri,,,41.211821,-105.8255766,2002,,nhei,NheI_B,TTAGGCAG,ecori,EcoRI_7,CACATGTCT
plate3,20,B,8,p257,MSB 92692,,msb92692,X,X,,,,X,Anaxyrus,baxteri,msb92692_baxteri,,,41.211821,-105.8255766,2002,,nhei,NheI_B,TTAGGCAG,ecori,EcoRI_8,TGTGCACGAT
plate3,21,B,9,p258,MSB 96528,,msb96528,X,,,,,X,Anaxyrus,debilis,msb96528_debilis,,,32.582385,-107.463482,2015,,nhei,NheI_B,TTAGGCAG,ecori,EcoRI_9,GCATCAT
plate3,22,B,10,p259,MSB 98058,,msb98058,X,,,,,X,Anaxyrus,woodhousii,msb98058_woodhousii,,,32.8336,-108.609,2017,,nhei,NheI_B,TTAGGCAG,ecori,EcoRI_10,ATGCTGTT
plate3,23,B,11,p260,MSB 98065,,msb98065,X,X,,,,X,Anaxyrus,cognatus,msb98065_cognatus,,,32.6324,-108.738,2016,,nhei,NheI_B,TTAGGCAG,ecori,EcoRI_11,CATGACCTT
plate2,84,G,12,p261,AUHT 8208,,t1020,X,,X,X,,,Anaxyrus,terrestris,t1020_terrestris,,m,31.107834,-86.622468,2017,?,nhei,NheI_G,CTGCAACTG,ecori,EcoRI_12,TGCAGTGAGT
plate2,85,H,1,p262,AUHT 8200,,t1030,,,,X,X,,Anaxyrus,terrestris,t1030_terrestris,,f,31.990423,-85.074232,2018,?,nhei,NheI_H,TCATGGTCAG,ecori,EcoRI_1,CTAACGT
plate2,91,H,7,p263,AUHT 8198,,t1040,,,,X,X,,Anaxyrus,terrestris,t1040_terrestris,,m,31.990158,-85.070458,2018,?,nhei,NheI_H,TCATGGTCAG,ecori,EcoRI_7,CACATGTCT
plate2,86,H,2,p264,AUHT 8206,,t2004,X,,X,X,X,,Anaxyrus,americanus,t2004_americanus,,f,33.582946,-85.73524,2018,?,nhei,NheI_H,TCATGGTCAG,ecori,EcoRI_2,TCGGTACT
plate1,5,A,5,p265,AUHT 8204,,t2015,X,,X,X,X,,Anaxyrus,americanus,t2015_americanus,,m,33.584347,-85.740643,2018,?,nhei,NheI_A,CCGAATG,ecori,EcoRI_5,ACGCATT
plate2,90,H,6,p266,AUHT 8201,,t2020,,,,X,X,,Anaxyrus,americanus,t2020_americanus,,f,33.238526,-85.962698,2017,?,nhei,NheI_H,TCATGGTCAG,ecori,EcoRI_6,GTATGCAT
plate2,87,H,3,p267,AUHT 8205,,t2040,X,,X,X,X,,Anaxyrus,americanus,t2040_americanus,,m,33.582945,-85.735393,2018,?,nhei,NheI_H,TCATGGTCAG,ecori,EcoRI_3,GATCGTTGT
plate2,88,H,4,p268,AUHT 8207,,t2043,,,,X,X,,Anaxyrus,americanus,t2043_americanus,,f,32.816418,-86.38018,2018,?,nhei,NheI_H,TCATGGTCAG,ecori,EcoRI_4,AGCTACACTT
plate2,89,H,5,p269,AUHT 8202,,t3040,X,,,,,,Anaxyrus,fowleri,t3040_fowleri,,m,32.386444,-85.235611,2018,?,nhei,NheI_H,TCATGGTCAG,ecori,EcoRI_5,ACGCATT
plate3,35,C,11,p270,UTEP 18705,,utep18705,X,X,X,,,X,Anaxyrus,woodhousii,utep18705_woodhousii,,,32.45198333,-106.8831667,2002,,nhei,NheI_C,AACTCGTCG,ecori,EcoRI_11,CATGACCTT
plate3,36,C,12,p271,UTEP 19941,,utep19941,X,X,X,,,X,Anaxyrus,fowleri,utep19941_fowleri,,,34.79136667,-88.95715,2009,,nhei,NheI_C,AACTCGTCG,ecori,EcoRI_12,TGCAGTGAGT
plate3,37,D,1,p272,UTEP 19943,,utep19943,X,,X,,,X,Anaxyrus,fowleri,utep19943_fowleri,,,33.81998333,-88.29533333,2009,,nhei,NheI_D,GGTCTACGTG,ecori,EcoRI_1,CTAACGT
plate3,38,D,2,p273,UTEP 19947,,utep19947,X,X,X,X,,X,Anaxyrus,terrestris,utep19947_terrestris,,,31.22431667,-88.77548333,2009,,nhei,NheI_D,GGTCTACGTG,ecori,EcoRI_2,TCGGTACT
plate3,39,D,3,p274,UTEP 20105,,utep20105,X,,X,,,X,Anaxyrus,woodhousii,utep20105_woodhousii,,,33.62853333,-103.0819833,2010,,nhei,NheI_D,GGTCTACGTG,ecori,EcoRI_3,GATCGTTGT
plate3,40,D,4,p275,UTEP 20482,,utep20482,X,,X,,,X,Anaxyrus,woodhousii,utep20482_woodhousii,,,32.907083,-94.74945,,,nhei,NheI_D,GGTCTACGTG,ecori,EcoRI_4,AGCTACACTT
plate3,41,D,5,p276,UTEP 20921,,utep20921,X,,X,,,X,Anaxyrus,americanus,utep20921_americanus,,,35.55405,-91.83443333,2014,,nhei,NheI_D,GGTCTACGTG,ecori,EcoRI_5,ACGCATT
plate3,42,D,6,p277,UTEP 21284,,utep21284,X,X,,,,X,Anaxyrus,debilis,utep21284_debilis,,,31.25968,-105.33402,2015,,nhei,NheI_D,GGTCTACGTG,ecori,EcoRI_6,GTATGCAT
plate3,43,D,7,p278,UTEP 21286,,utep21286,X,,,,,X,Anaxyrus,speciosus,utep21286_speciosus,,,31.7014,-105.47958,2015,,nhei,NheI_D,GGTCTACGTG,ecori,EcoRI_7,CACATGTCT
plate3,44,D,8,p279,UTEP 21724,,utep21724,X,,,,,X,Anaxyrus,speciosus,utep21724_speciosus,,,31.26087,-104.60168,2017,,nhei,NheI_D,GGTCTACGTG,ecori,EcoRI_8,TGTGCACGAT
plate3,45,D,9,p280,UTEP 21881,,utep21881,X,X,,,,X,Anaxyrus,cognatus,utep21881_cognatus,,,35.536,-100.44035,2018,,nhei,NheI_D,GGTCTACGTG,ecori,EcoRI_9,GCATCAT
plate3,46,D,10,p281,UTEP 21884,,utep21884,X,,,,,X,Anaxyrus,speciosus,utep21884_speciosus,,,32.75471667,-101.4320833,2018,,nhei,NheI_D,GGTCTACGTG,ecori,EcoRI_10,ATGCTGTT
plate3,47,D,11,p282,UTEP 21885,,utep21885,X,X,,,,X,Anaxyrus,speciosus,utep21885_speciosus,,,32.20195,-100.34345,2018,,nhei,NheI_D,GGTCTACGTG,ecori,EcoRI_11,CATGACCTT
plate3,48,D,12,p283,UTEP 21886,,utep21886,X,,X,,,X,Anaxyrus,woodhousii,utep21886_woodhousii,,,35.078,-100.4339167,2018,,nhei,NheI_D,GGTCTACGTG,ecori,EcoRI_12,TGCAGTGAGT